region,week_start,bookings_count,mean_temp_c,precip_mm,snowfall_flag,wind_speed_kph,visibility_km,weather_severity_bin,year,week_number,month,is_bank_holiday_week,is_peak_winter,lag_1w_bookings,lag_4w_mean,lag_52w_bookings
highlands,2025-01-06,39,0.0391113998448988,22.19958500472794,0,2.37324494326257,7.130601052553733,mild,2025,2,1,0,1,14.0,17.25,40.0
highlands,2025-01-13,29,3.4774322387996177,30.135563089881785,0,49.3538118352911,8.026751625431725,severe,2025,3,1,0,1,39.0,25.75,26.0
highlands,2025-01-20,33,7.164116220736542,45.228408254599366,0,38.26407309893258,8.558483107867124,moderate,2025,4,1,0,1,29.0,30.0,25.0
highlands,2025-01-27,21,7.47513852761425,41.11878700264801,0,34.96120708088786,8.732665867300087,moderate,2025,5,1,0,1,33.0,28.75,29.0
highlands,2025-02-03,25,0.8468581674907247,48.09964637849353,0,52.343862461976826,7.459206115809115,severe,2025,6,2,0,1,21.0,30.5,27.0
highlands,2025-02-10,23,3.677859571412993,65.15557901738886,0,41.4025328094428,8.023432835438731,moderate,2025,7,2,0,1,25.0,27.0,32.0
highlands,2025-02-17,15,-7.533554811829447,50.33405637296933,1,7.805257413769474,10.939874461882464,moderate,2025,8,2,0,1,23.0,25.5,21.0
highlands,2025-02-24,18,2.6778954847730425,59.993480397439775,0,20.978888618189487,4.894985053399891,moderate,2025,9,2,0,1,15.0,21.0,27.0
highlands,2025-03-03,6,3.043017536564669,39.32793120087716,0,25.084591738428344,8.169322561465528,mild,2025,10,3,0,1,18.0,20.25,28.0
highlands,2025-03-10,12,13.06974356812904,56.69051094738116,0,40.49498605863319,9.687873783106712,moderate,2025,11,3,0,1,6.0,15.5,20.0
highlands,2025-03-17,16,7.9178485754087715,36.1985665419851,0,9.452386923247062,7.622827733987981,mild,2025,12,3,0,1,12.0,12.75,30.0
highlands,2025-03-24,31,5.246942839986007,20.603992097698526,0,28.236340495106692,6.616460513995374,mild,2025,13,3,0,1,16.0,13.0,21.0
highlands,2025-03-31,29,8.008117007372523,54.98914030813128,0,36.51540620643959,9.243202626241942,moderate,2025,14,3,0,1,31.0,16.25,40.0
highlands,2025-04-07,6,7.851002989791493,63.95112565055007,0,18.148154194676824,3.6271160424988644,moderate,2025,15,4,0,0,29.0,22.0,24.0
highlands,2025-04-14,30,8.600324521380097,66.4798051254429,0,42.092645684253775,11.142671632164737,moderate,2025,16,4,1,0,6.0,20.5,7.0
highlands,2025-04-21,36,14.279993939995787,40.03952813412245,0,26.47734965050231,8.96066859176276,mild,2025,17,4,1,0,30.0,24.0,14.0
highlands,2025-04-28,4,18.12761871096871,89.60198407427832,0,41.1939716199838,7.224424088901419,severe,2025,18,4,0,0,36.0,25.25,10.0
highlands,2025-05-05,20,4.467201475379502,75.77815766766479,0,18.9933873576564,7.5231272980393955,moderate,2025,19,5,1,0,4.0,19.0,18.0
highlands,2025-05-12,21,7.540888203992309,91.85824178245616,0,26.453026970403226,3.1215007228547687,severe,2025,20,5,0,0,20.0,22.5,36.0
highlands,2025-05-19,14,10.017778590649874,46.01956293792147,0,30.42631024437747,7.826590598315753,moderate,2025,21,5,0,0,21.0,20.25,13.0
highlands,2025-05-26,44,6.905184016728927,75.80681163569407,0,14.671351216472926,6.96597155009128,moderate,2025,22,5,1,0,14.0,14.75,15.0
highlands,2025-06-02,15,10.736151652469523,47.71830449311263,0,13.911932907300285,9.337110686513473,mild,2025,23,6,0,0,44.0,24.75,37.0
highlands,2025-06-09,26,12.492378521766158,59.10009584713988,0,10.391544015304676,9.411939493397632,moderate,2025,24,6,0,0,15.0,23.5,33.0
highlands,2025-06-16,7,1.3604484743212477,66.17598553696331,0,21.125361752578403,5.680321428466068,moderate,2025,25,6,0,0,26.0,24.75,40.0
highlands,2025-06-23,24,6.23235993168124,56.3340488714548,0,23.55791749613552,9.177406556430302,moderate,2025,26,6,0,0,7.0,23.0,25.0
highlands,2025-06-30,13,6.215722486164665,79.60381743343643,0,32.811731656434795,6.604885586807384,moderate,2025,27,6,0,0,24.0,18.0,23.0
highlands,2025-07-07,12,4.536240464670856,27.050074019051223,0,32.90733177866822,7.290824905497284,moderate,2025,28,7,0,0,13.0,17.5,35.0
highlands,2025-07-14,26,-1.4887821122540572,49.28570254461199,1,20.98965970745048,11.15135518434132,mild,2025,29,7,0,0,12.0,14.0,2.0
highlands,2025-07-21,22,1.1888855524267612,31.172984005318924,0,41.099696431057,10.713526314927924,moderate,2025,30,7,0,0,26.0,18.75,2.0
highlands,2025-07-28,32,5.020068245097434,47.35828354382178,0,36.16235396553313,3.34580040610938,moderate,2025,31,7,0,0,22.0,18.25,25.0
highlands,2025-08-04,22,0.5552252619777756,54.38533198298576,0,45.49890566129126,7.128539823666521,severe,2025,32,8,0,0,32.0,23.0,15.0
highlands,2025-08-11,25,8.403747166940619,82.67578545128022,0,51.06884733278146,6.846303053703375,severe,2025,33,8,0,0,22.0,25.5,15.0
highlands,2025-08-18,22,7.9326531050662945,96.44110442685684,0,14.778007248085716,10.055162141107644,severe,2025,34,8,0,0,25.0,25.25,12.0
highlands,2025-08-25,50,3.926737870554967,62.04944734206313,0,27.57380952599726,6.083976798597542,moderate,2025,35,8,1,0,22.0,25.25,25.0
highlands,2025-09-01,23,4.0675922893669,65.5282872850751,0,39.95539328162682,7.740527593622994,moderate,2025,36,9,0,0,50.0,29.75,28.0
highlands,2025-09-08,22,8.280452634932866,71.42348132582094,0,20.283812269870403,9.479385016825846,moderate,2025,37,9,0,0,23.0,30.0,9.0
highlands,2025-09-15,10,11.277372388238987,112.07252597500819,0,26.238958094404172,7.083836396663744,severe,2025,38,9,0,0,22.0,29.25,44.0
highlands,2025-09-22,3,11.07586348629498,76.38208337824277,0,24.64912846623288,7.193674646139901,moderate,2025,39,9,0,0,10.0,26.25,25.0
highlands,2025-09-29,33,10.164523352872164,43.44831518530677,0,25.894660119849853,8.179185534736868,mild,2025,40,9,0,0,3.0,14.5,11.0
highlands,2025-10-06,37,11.983754739289031,47.90802767640918,0,11.57615537969328,4.166805064963578,mild,2025,41,10,0,0,33.0,17.0,14.0
highlands,2025-10-13,24,2.9623477331754664,33.736645636001256,0,28.45389241380091,5.62223969280479,mild,2025,42,10,0,0,37.0,20.75,17.0
highlands,2025-10-20,15,5.188980160715184,44.518282300359004,0,25.594921391520067,10.645008663046244,mild,2025,43,10,0,0,24.0,24.25,24.0
highlands,2025-10-27,7,10.647790357722064,60.32258830552008,0,25.389737194191618,7.133534686753957,moderate,2025,44,10,0,0,15.0,27.25,21.0
highlands,2025-11-03,32,9.3109858798078,71.6833814670458,0,20.923824938993995,8.072961511228463,moderate,2025,45,11,0,0,7.0,20.75,25.0
highlands,2025-11-10,27,-0.1264782746521078,64.23427568341194,1,37.62149241958686,7.43986274623825,moderate,2025,46,11,0,0,32.0,19.5,20.0
highlands,2025-11-17,25,15.266107984560422,42.37523105127899,0,32.17440415303261,7.928350506668089,moderate,2025,47,11,0,0,27.0,20.25,32.0
highlands,2025-11-24,15,7.5988093302263655,57.71355663990505,0,31.07105030009472,9.695917486927401,moderate,2025,48,11,0,0,25.0,22.75,14.0
highlands,2025-12-01,22,7.510944945098978,39.95499510991685,0,38.15316072171633,6.596466107466435,moderate,2025,49,12,0,1,15.0,24.75,26.0
highlands,2025-12-08,25,5.063821810904932,24.760169523460192,0,40.90659936088132,12.421281754786481,moderate,2025,50,12,0,1,22.0,22.25,5.0
highlands,2025-12-15,27,1.5116644481144326,0.0,0,24.51927066755177,10.463750268578607,mild,2025,51,12,0,1,25.0,21.75,12.0
highlands,2025-12-22,37,4.21230714810098,44.97827197350059,0,40.08668355954839,8.968906878496844,moderate,2025,52,12,1,1,27.0,22.25,38.0
highlands,2025-12-29,34,6.870900749804545,58.38847353293971,0,45.21700452736959,8.717592167812509,severe,2025,1,12,1,1,37.0,27.75,14.0
highlands,2026-01-05,8,5.621037605975818,33.85745853828429,0,23.985391884409943,11.413535280837946,mild,2026,2,1,0,1,34.0,30.75,39.0
highlands,2026-01-12,45,2.8648187052907517,56.097611317247576,0,31.237400144113906,6.826968698160071,moderate,2026,3,1,0,1,8.0,26.5,29.0
highlands,2026-01-19,19,2.043931570329605,68.71988035535429,0,35.55240074279424,4.577053680539082,moderate,2026,4,1,0,1,45.0,31.0,33.0
highlands,2026-01-26,14,1.1390221736953812,75.64587585409424,0,27.86203138150044,4.399042616531639,moderate,2026,5,1,0,1,19.0,26.5,21.0
highlands,2026-02-02,32,9.572195541690174,53.64785019625585,0,29.299871411872,7.2571645278358625,moderate,2026,6,2,0,1,14.0,21.5,25.0
highlands,2026-02-09,24,6.329407719166942,29.160331995476145,0,41.482564245159885,9.084390571448512,moderate,2026,7,2,0,1,32.0,27.5,23.0
highlands,2026-02-16,19,2.9787277019494,42.910296106711904,0,28.25031963285822,10.09128024041853,mild,2026,8,2,0,1,24.0,22.25,15.0
highlands,2026-02-23,23,-1.4613713284073366,7.561497463395817,0,36.14440122892475,9.262476656134297,moderate,2026,9,2,0,1,19.0,22.25,18.0
highlands,2026-03-02,14,3.9209646100470663,48.154567392360775,0,26.794596216624523,9.57496540877105,mild,2026,10,3,0,1,23.0,24.5,6.0
highlands,2026-03-09,31,1.8177674929818368,30.25772878369644,0,26.881086877446,12.041279397551664,mild,2026,11,3,0,1,14.0,20.0,12.0
highlands,2026-03-16,15,-4.939904328181731,49.99576208591598,1,13.20889572376283,7.783533323354053,mild,2026,12,3,0,1,31.0,21.75,16.0
highlands,2026-03-23,17,0.2654900593832492,0.0,0,33.89037590433763,7.239923875615609,moderate,2026,13,3,0,1,15.0,20.75,31.0
highlands,2026-03-30,57,-6.396825370244976,56.79136181548505,1,44.35006177988935,10.980248684593144,moderate,2026,14,3,1,1,17.0,19.25,29.0
highlands,2026-04-06,37,9.435825762605884,60.921162771542306,0,43.28156620895797,11.364767170680196,moderate,2026,15,4,1,0,57.0,30.0,6.0
highlands,2026-04-13,18,12.5342748115025,41.169247955403975,0,32.01344853214922,8.879032288582858,moderate,2026,16,4,0,0,37.0,31.5,30.0
highlands,2026-04-20,4,0.7615321243310831,69.38721319241549,0,52.72991825979389,9.279872331601585,severe,2026,17,4,0,0,18.0,32.25,36.0
highlands,2026-04-27,26,13.893652325767023,63.6582946025741,0,29.267816760161786,8.76254278016195,moderate,2026,18,4,0,0,4.0,29.0,4.0
highlands,2026-05-04,37,4.736693408062269,40.72449625531223,0,42.66304557169366,10.744684685733036,moderate,2026,19,5,1,0,26.0,21.25,20.0
highlands,2026-05-11,3,4.035574737650599,79.35997609107729,0,29.13040024393979,8.679617148980862,moderate,2026,20,5,0,0,37.0,21.25,21.0
highlands,2026-05-18,18,9.840874557740252,79.88700936248637,0,30.827182018631888,10.820323990603873,moderate,2026,21,5,0,0,3.0,17.5,14.0
highlands,2026-05-25,30,9.2376513590397,72.48368544939065,0,21.667374084627536,12.317318021409667,moderate,2026,22,5,1,0,18.0,21.0,44.0
highlands,2026-06-01,31,9.879299692819863,74.25994850690198,0,13.918141887884584,6.354595953841798,moderate,2026,23,6,0,0,30.0,22.0,15.0
highlands,2026-06-08,10,12.951534751674922,65.7378223658521,0,10.86220265171074,10.076579857967635,moderate,2026,24,6,0,0,31.0,20.5,26.0
highlands,2026-06-15,25,5.824868782589107,88.22633971753424,0,29.121643213963,8.40941337204106,severe,2026,25,6,0,0,10.0,22.25,7.0
highlands,2026-06-22,14,12.715818314366592,42.05014058290675,0,20.071531921660604,7.607003159203785,mild,2026,26,6,0,0,25.0,24.0,24.0
highlands,2026-06-29,28,11.308691198484889,33.38245494773019,0,13.319654001109033,9.647441854087583,mild,2026,27,6,0,0,14.0,20.0,13.0
highlands,2026-07-06,21,5.5880867497319855,52.15547974159434,0,11.43189598059834,6.642041371296036,moderate,2026,28,7,0,0,28.0,19.25,12.0
highlands,2026-07-13,26,7.969730813475396,78.60755715245784,0,22.287698337653612,11.314752240464994,moderate,2026,29,7,0,0,21.0,22.0,26.0
highlands,2026-07-20,21,5.261775903280798,46.338163968296506,0,45.37357551897802,8.422920304727834,severe,2026,30,7,0,0,26.0,22.25,22.0
highlands,2026-07-27,28,5.791901083953694,56.89733737638813,0,43.5307357754206,10.932405639251366,moderate,2026,31,7,0,0,21.0,24.0,32.0
highlands,2026-08-03,23,4.732827282918976,59.15132379841784,0,30.90156827667573,6.027519778966805,moderate,2026,32,8,0,0,28.0,24.0,22.0
highlands,2026-08-10,16,7.777259789400023,60.10645720903401,0,41.40209478936736,10.414850056622402,moderate,2026,33,8,0,0,23.0,24.5,25.0
highlands,2026-08-17,15,6.683162406563968,55.720937122783766,0,36.64292302055635,6.829623102145977,moderate,2026,34,8,0,0,16.0,22.0,22.0
highlands,2026-08-24,22,10.354560606949612,58.24187025261571,0,20.306014222613797,6.086326574240707,moderate,2026,35,8,0,0,15.0,20.5,50.0
highlands,2026-08-31,29,13.788234784124407,56.87157041713403,0,46.40354093898311,6.97272747857018,severe,2026,36,8,1,0,22.0,19.0,23.0
highlands,2026-09-07,16,9.164820804525974,107.85353446036484,0,19.426132553367207,4.204371000200447,severe,2026,37,9,0,0,29.0,20.5,22.0
highlands,2026-09-21,23,9.072651123821265,40.98927585628516,0,28.20059912116694,8.899630653113068,mild,2026,39,9,0,0,16.0,20.5,10.0
highlands,2026-09-28,19,3.966764454902952,45.99831940708222,0,26.526171664014683,5.142369131547444,mild,2026,40,9,0,0,23.0,22.5,3.0
highlands,2026-10-05,28,6.309756068805014,62.37593079805804,0,26.004510584115717,7.457247014136551,moderate,2026,41,10,0,0,19.0,21.75,33.0
highlands,2026-10-12,17,7.920393316373659,46.88513075135372,0,36.91062565866877,10.871956249603551,moderate,2026,42,10,0,0,28.0,21.5,37.0
highlands,2026-10-19,26,6.142478431218207,69.70396462955414,0,27.60382844565353,8.730974690077009,moderate,2026,43,10,0,0,17.0,21.75,24.0
highlands,2026-10-26,17,14.263118124813015,70.17319086036197,0,12.265854611903194,8.907991262893917,moderate,2026,44,10,0,0,26.0,22.5,15.0
highlands,2026-11-02,24,12.931454973236036,55.56807660003795,0,39.956348061178325,6.619768917696109,moderate,2026,45,11,0,0,17.0,22.0,7.0
highlands,2026-11-09,17,2.057843361910905,62.8233803766528,0,12.435232792536858,7.520457974212817,moderate,2026,46,11,0,0,24.0,21.0,32.0
highlands,2026-11-16,11,13.14736905058201,21.804741885074385,0,17.20503204086102,5.9359355096768445,mild,2026,47,11,0,0,17.0,21.0,27.0
highlands,2026-11-23,37,7.746720561156159,52.68566428707582,0,43.99136381696087,9.908696658183397,moderate,2026,48,11,0,0,11.0,17.25,25.0
highlands,2026-11-30,14,9.981091784274392,62.9126062868777,0,33.93229776984828,6.27603528937325,moderate,2026,49,11,0,0,37.0,22.25,15.0
highlands,2026-12-07,32,5.428841414226449,17.759114912815978,0,38.35376993902231,10.372285004237662,moderate,2026,50,12,0,1,14.0,19.75,22.0
highlands,2026-12-14,22,2.843458408352349,36.47573882076048,0,34.003099083096735,2.276963259798654,severe,2026,51,12,0,1,32.0,23.5,25.0
highlands,2026-12-21,27,3.2090328739418448,37.73292004320386,0,29.49371886943009,9.413065025795657,mild,2026,52,12,1,1,22.0,26.25,27.0
highlands,2026-12-28,41,1.7009243137410885,17.19586286697684,0,28.585973291746217,8.13511096816165,mild,2026,53,12,1,1,27.0,23.75,37.0
highlands,2027-01-04,47,2.459735646324051,43.23838734570136,0,40.393690449185534,5.827930893931706,moderate,2027,1,1,0,1,41.0,30.5,34.0
highlands,2027-01-11,26,2.7028018246594,65.79859397236481,0,12.653885030628048,8.359293361560107,moderate,2027,2,1,0,1,47.0,34.25,8.0
highlands,2027-01-18,22,-0.3415140078921737,32.5857923105379,1,20.95192496785578,7.660898568599112,mild,2027,3,1,0,1,26.0,35.25,45.0
highlands,2027-01-25,25,9.365022457707616,14.711392776455728,0,18.303899975211728,5.396130859672991,mild,2027,4,1,0,1,22.0,34.0,19.0
highlands,2027-02-01,24,8.909673146512404,30.75320588957426,0,29.743609396523254,7.19443411778752,mild,2027,5,2,0,1,25.0,30.0,14.0
highlands,2027-02-08,25,-1.7776915136123663,35.29698706771129,1,54.58243605736559,10.78414184194851,severe,2027,6,2,0,1,24.0,24.25,32.0
highlands,2027-02-15,33,-1.4117512711690892,52.95148206123372,1,21.68477227333624,4.447264722307558,moderate,2027,7,2,0,1,25.0,24.0,24.0
highlands,2027-02-22,31,6.078043670658518,63.201856932871,0,40.460522510479,7.060269501560855,moderate,2027,8,2,0,1,33.0,26.75,19.0
highlands,2027-03-01,38,1.3328970639920552,54.99531107316247,0,33.91496037348107,7.212725057405912,moderate,2027,9,3,0,1,31.0,28.25,23.0
highlands,2027-03-08,20,-4.476287280472659,42.27750388284024,1,40.790096392361136,5.604823421931686,moderate,2027,10,3,0,1,38.0,31.75,14.0
highlands,2027-03-15,27,4.555037526703908,46.63083390267386,0,37.50148263232334,9.743950999438017,moderate,2027,11,3,0,1,20.0,30.5,31.0
highlands,2027-03-22,34,-0.7778609677014119,7.660811996701078,0,24.664804743171207,9.778254635054015,mild,2027,12,3,1,1,27.0,29.0,15.0
highlands,2027-03-29,29,-0.1680156141038842,26.119133522847164,1,11.786496580753616,11.505295109101878,mild,2027,13,3,1,1,34.0,29.75,17.0
highlands,2027-04-05,21,11.30285456570124,75.39791962549529,0,39.67725386779474,9.153416723086805,moderate,2027,14,4,0,0,29.0,27.5,57.0
highlands,2027-04-12,9,7.022684579281884,56.72471791755597,0,25.72435635407875,13.26948150883,moderate,2027,15,4,0,0,21.0,27.75,37.0
highlands,2027-04-19,19,10.22364812519777,50.72399117297131,0,34.6549677416628,5.978262164287365,moderate,2027,16,4,0,0,9.0,23.25,18.0
highlands,2027-04-26,18,14.018026874356908,46.7786180838572,0,35.01085432622466,10.131955259486269,moderate,2027,17,4,0,0,19.0,19.5,4.0
highlands,2027-05-03,31,9.539074176819971,61.88939983639276,0,30.10802084856015,7.887117806225786,moderate,2027,18,5,1,0,18.0,16.75,26.0
highlands,2027-05-10,13,5.693206044289992,51.01033140460592,0,44.795903736509345,7.782926734629687,moderate,2027,19,5,0,0,31.0,19.25,37.0
highlands,2027-05-17,24,4.8568149224689074,49.67404806276983,0,41.00370680697223,9.351213266328957,moderate,2027,20,5,0,0,13.0,20.25,3.0
highlands,2027-05-24,30,10.241316712929027,54.84957602180417,0,35.733624701729454,6.712877750098704,moderate,2027,21,5,0,0,24.0,21.5,18.0
highlands,2027-05-31,27,6.961543874616901,79.39608974783492,0,38.74277678919064,6.036180308098394,moderate,2027,22,5,1,0,30.0,24.5,30.0
highlands,2027-06-07,25,4.577894188365697,62.17404305626819,0,47.2613237466951,4.168869671062012,severe,2027,23,6,0,0,27.0,23.5,31.0
highlands,2027-06-14,9,9.113331758282015,32.479133368537035,0,23.656690064744545,7.271143163871518,mild,2027,24,6,0,0,25.0,26.5,10.0
highlands,2027-06-21,36,6.317966626252437,49.32408120681583,0,30.072070603763702,6.929488866738844,moderate,2027,25,6,0,0,9.0,22.75,25.0
highlands,2027-06-28,23,2.1501704605833893,75.59739225045553,0,37.5287216714888,9.686348620045338,moderate,2027,26,6,0,0,36.0,24.25,14.0
highlands,2027-07-05,25,1.8370620149436723,65.97836305168302,0,36.75978855806923,5.93759586312083,moderate,2027,27,7,0,0,23.0,23.25,28.0
highlands,2027-07-12,21,8.036692992728517,57.67466709379268,0,48.42150658568264,11.848992074025146,severe,2027,28,7,0,0,25.0,23.25,21.0
highlands,2027-07-19,34,1.3425744266791968,109.8785401145598,0,20.84774278846676,9.961346588654852,severe,2027,29,7,0,0,21.0,26.25,26.0
highlands,2027-07-26,19,11.881991923454922,40.08619546316386,0,34.93267793839099,7.784932511467872,moderate,2027,30,7,0,0,34.0,25.75,21.0
highlands,2027-08-09,20,7.328503722294755,81.9212846611436,0,35.80395964858603,9.463626788641776,severe,2027,32,8,0,0,19.0,24.75,28.0
highlands,2027-08-16,23,5.341653310965613,39.09474437203052,0,24.322778567472984,6.758357228638823,mild,2027,33,8,0,0,20.0,23.5,23.0
highlands,2027-08-23,19,11.144797074611658,79.51968100588104,0,28.448697104675997,10.861838037648704,moderate,2027,34,8,0,0,23.0,24.0,16.0
highlands,2027-08-30,32,13.47387757506052,64.86797832801078,0,21.7810822845696,11.15075329887108,moderate,2027,35,8,1,0,19.0,20.25,15.0
highlands,2027-09-06,24,7.755930595886366,62.52330392861949,0,26.60394974393431,6.220419347405605,moderate,2027,36,9,0,0,32.0,23.5,22.0
highlands,2027-09-13,30,2.1254422787388325,72.65736647114576,0,22.1659894610338,14.119062457993646,moderate,2027,37,9,0,0,24.0,24.5,29.0
highlands,2027-09-20,22,3.6557056695500836,34.8523505003726,0,35.10138715613441,11.05862695793459,moderate,2027,38,9,0,0,30.0,26.25,16.0
highlands,2027-09-27,22,8.258358627772887,71.44484840374548,0,11.564525825412904,6.644976908616467,moderate,2027,39,9,0,0,22.0,27.0,23.0
highlands,2027-10-04,34,3.705537083449732,22.09908300104238,0,31.16980234023887,3.514344756779133,moderate,2027,40,10,0,0,22.0,24.5,19.0
highlands,2027-10-18,29,9.22232076760992,77.87597491870913,0,37.52383732712679,10.281625578722764,moderate,2027,42,10,0,0,34.0,27.0,28.0
highlands,2027-10-25,15,7.992326399963783,66.06933801633339,0,35.11513701919191,8.283313394782052,moderate,2027,43,10,0,0,29.0,26.75,17.0
highlands,2027-11-01,7,6.411222760331705,53.351149313204594,0,21.824416016700347,8.84323365981966,moderate,2027,44,11,0,0,15.0,25.0,26.0
highlands,2027-11-08,7,7.623939303659378,46.7365249872647,0,23.377551806754077,5.579202544434423,mild,2027,45,11,0,0,7.0,21.25,17.0
highlands,2027-11-15,24,11.915365364948798,61.57235339063576,0,21.3719998042673,9.617095499204035,moderate,2027,46,11,0,0,7.0,14.5,24.0
highlands,2027-11-22,23,5.758204760822508,31.869987459755347,0,40.21222289219133,6.925806020867775,moderate,2027,47,11,0,0,24.0,13.25,17.0
highlands,2027-11-29,11,6.364403639164842,60.82360040698356,0,41.42589222790114,8.040074581732624,moderate,2027,48,11,0,0,23.0,15.25,11.0
highlands,2027-12-06,27,-2.796468504580921,50.877540082243605,1,25.150102757382765,11.775847943058931,moderate,2027,49,12,0,1,11.0,16.25,37.0
highlands,2027-12-13,26,1.9955211120084395,0.0,0,33.57364972155674,11.889195584520458,moderate,2027,50,12,0,1,27.0,21.25,14.0
highlands,2027-12-20,25,8.303681154181557,76.61908577513131,0,19.802398146185364,9.824304791953558,moderate,2027,51,12,0,1,26.0,21.75,32.0
highlands,2027-12-27,27,-0.8879781589468467,44.48578798833848,1,17.270475712602675,6.711088470234568,mild,2027,52,12,1,1,25.0,22.25,22.0
highlands,2028-01-03,24,-0.7049867894544612,57.971105602852326,1,38.00719121669656,8.553639458661642,moderate,2028,1,1,1,1,27.0,26.25,27.0
highlands,2028-01-10,24,-3.4016856722215416,33.767211321005604,1,22.53883517057274,9.739351513388982,mild,2028,2,1,0,1,24.0,25.5,41.0
highlands,2028-01-17,17,6.712739411268738,61.12771172061766,0,22.447805805829795,2.5209337554210416,severe,2028,3,1,0,1,24.0,25.0,47.0
highlands,2028-01-24,15,-5.067847592520217,68.43253956164418,1,25.98745060680176,6.498550763469775,moderate,2028,4,1,0,1,17.0,23.0,26.0
highlands,2028-01-31,17,8.570641173744935,65.30319890976654,0,30.244487219197868,7.413193817872052,moderate,2028,5,1,0,1,15.0,20.0,22.0
highlands,2028-02-07,10,1.471595148747499,44.54325596774932,0,46.00047281319608,8.844934848474454,severe,2028,6,2,0,1,17.0,18.25,25.0
highlands,2028-02-14,8,4.904116132156565,63.38540218140343,0,18.30323998975581,9.509723784948086,moderate,2028,7,2,0,1,10.0,14.75,24.0
highlands,2028-02-21,34,0.8217249813535545,0.0,0,8.71830458014188,5.963764776962629,mild,2028,8,2,0,1,8.0,12.5,25.0
highlands,2028-02-28,37,4.124892914370326,42.27599130680593,0,31.84366707175664,11.901886965373384,moderate,2028,9,2,0,1,34.0,17.25,33.0
highlands,2028-03-06,44,-3.076358459439249,39.451332916325526,1,33.04435522813816,6.527453766923329,moderate,2028,10,3,0,1,37.0,22.25,31.0
highlands,2028-03-13,24,2.113306980331764,8.001013318313102,0,44.09906217275028,6.636770894939133,moderate,2028,11,3,0,1,44.0,30.75,38.0
highlands,2028-03-20,13,10.125600659114012,39.350513521650896,0,40.280535653991834,7.893394262017692,moderate,2028,12,3,0,1,24.0,34.75,20.0
highlands,2028-03-27,13,1.8770246709578808,28.319413335559844,0,31.19123929366277,8.635997388828095,moderate,2028,13,3,0,1,13.0,29.5,27.0
highlands,2028-04-03,28,4.86296596433928,57.49911168280232,0,23.899011339428863,12.599328139229678,moderate,2028,14,4,0,0,13.0,23.5,34.0
highlands,2028-04-10,29,7.641076920353526,90.9046430339312,0,28.04377669192312,8.518575283069817,severe,2028,15,4,1,0,28.0,19.5,29.0
highlands,2028-04-17,24,2.714543713418923,51.058548162642715,0,32.105346707892465,11.172007661919734,moderate,2028,16,4,1,0,29.0,20.75,21.0
highlands,2028-04-24,24,8.887931110705084,87.67440722385999,0,36.407291102029205,11.254802678929371,severe,2028,17,4,0,0,24.0,23.5,9.0
highlands,2028-05-01,11,7.763831130779779,107.80445421303608,0,25.146037970858774,6.467076331604662,severe,2028,18,5,1,0,24.0,26.25,19.0
highlands,2028-05-08,29,3.1597886012438634,106.6204934311614,0,38.19447572617898,7.331758533239383,severe,2028,19,5,0,0,11.0,22.0,18.0
highlands,2028-05-15,45,12.99609078749398,73.75384370235564,0,49.6612747137559,4.904334334520177,severe,2028,20,5,0,0,29.0,22.0,31.0
highlands,2028-05-22,26,6.938559566742982,50.74957232114348,0,10.263173235913984,10.120654409559389,moderate,2028,21,5,0,0,45.0,27.25,13.0
highlands,2028-05-29,6,6.918413776786568,74.79262409973124,0,53.59771934329612,7.293512616344782,severe,2028,22,5,1,0,26.0,27.75,24.0
highlands,2028-06-05,24,6.315388069371379,62.37328339447992,0,39.872473529834096,6.8665739493797,moderate,2028,23,6,0,0,6.0,26.5,30.0
highlands,2028-06-12,28,5.476153611471479,81.14378540482733,0,33.78639323838036,3.910543473990359,severe,2028,24,6,0,0,24.0,25.25,27.0
highlands,2028-06-19,18,3.0984328021235674,90.02471727654421,0,34.01928283078813,6.4756081379255015,severe,2028,25,6,0,0,28.0,21.0,25.0
highlands,2028-06-26,12,7.318361371060071,60.264733456033404,0,37.35733360280164,5.283473210282422,moderate,2028,26,6,0,0,18.0,19.0,9.0
highlands,2028-07-03,16,4.636203445318168,65.45911509726778,0,29.001654195045496,9.14371836527342,moderate,2028,27,7,0,0,12.0,20.5,36.0
highlands,2028-07-10,12,3.0819704105616084,67.14257352542643,0,40.91583619377472,8.973637094298567,moderate,2028,28,7,0,0,16.0,18.5,23.0
highlands,2028-07-17,23,8.556446959046367,58.082327948680586,0,21.65148847228498,7.856002815120422,moderate,2028,29,7,0,0,12.0,14.5,25.0
highlands,2028-07-24,16,13.038823411521625,57.619429867997496,0,21.101960106515897,7.015505822469227,moderate,2028,30,7,0,0,23.0,15.75,21.0
highlands,2028-07-31,18,8.80340118910372,52.52972005638306,0,34.853032830631406,9.04568752149806,moderate,2028,31,7,0,0,16.0,16.75,34.0
highlands,2028-08-07,24,11.555932721618595,88.47118944530068,0,39.958587243723606,6.131521871704081,severe,2028,32,8,0,0,18.0,17.25,19.0
highlands,2028-08-14,10,4.385862213694911,58.48457047080351,0,25.48824642760585,5.7233465460781145,moderate,2028,33,8,0,0,24.0,20.25,20.0
highlands,2028-08-21,14,6.233232823308023,50.50974132761922,0,23.28152260238794,7.368421027689989,moderate,2028,34,8,0,0,10.0,17.0,23.0
highlands,2028-08-28,33,12.713803401273324,63.98476082498479,0,54.718090760554695,8.341016372039299,severe,2028,35,8,1,0,14.0,16.5,19.0
highlands,2028-09-04,5,6.839736904250993,60.082657653097314,0,32.5649197844354,8.870507914342127,moderate,2028,36,9,0,0,33.0,20.25,32.0
highlands,2028-09-11,11,16.306845303436095,43.09359070044863,0,38.59046058177736,8.415501195228249,moderate,2028,37,9,0,0,5.0,15.5,24.0
highlands,2028-09-18,20,1.7156090297175297,75.41397564189526,0,42.67623560803905,6.285647192445141,moderate,2028,38,9,0,0,11.0,15.75,30.0
highlands,2028-09-25,40,7.964264528432118,25.49291475984593,0,17.411935403156633,10.096059155234505,mild,2028,39,9,0,0,20.0,17.25,22.0
highlands,2028-10-02,25,6.134333975970262,37.823940501239214,0,32.2946036445843,6.955175137137953,moderate,2028,40,10,0,0,40.0,19.0,22.0
highlands,2028-10-09,18,6.116713368897855,74.78652051349806,0,18.382666410656533,6.189269574636335,moderate,2028,41,10,0,0,25.0,24.0,34.0
highlands,2028-10-16,14,8.616319968595475,79.3881958149641,0,42.381603014898495,6.669876559276754,moderate,2028,42,10,0,0,18.0,25.75,29.0
highlands,2028-10-23,13,11.749507867678592,44.31715413059182,0,48.262093469068,5.732457949160543,severe,2028,43,10,0,0,14.0,24.25,15.0
highlands,2028-10-30,16,13.313915243166925,46.870277863625525,0,50.132464547946,9.18264145770497,severe,2028,44,10,0,0,13.0,17.5,7.0
highlands,2028-11-06,16,3.935933882367112,49.55523040914986,0,37.81181205223741,10.105288835231123,moderate,2028,45,11,0,0,16.0,15.25,7.0
highlands,2028-11-13,28,7.717137633102149,60.893165619269325,0,37.58353032644065,8.26359685402164,moderate,2028,46,11,0,0,16.0,14.75,24.0
highlands,2028-11-20,17,2.825980562646497,43.74051950719639,0,32.35119943151665,10.430964832995388,moderate,2028,47,11,0,0,28.0,18.25,23.0
highlands,2028-11-27,8,14.46392969664819,75.59058841542901,0,32.87290761036364,9.497627771964954,moderate,2028,48,11,0,0,17.0,19.25,11.0
highlands,2028-12-04,20,-0.6670034008274226,36.93538079483572,1,21.758692786605238,5.502514778584577,mild,2028,49,12,0,1,8.0,17.25,27.0
highlands,2028-12-11,12,3.33419604654482,43.71026613169487,0,36.87652484509013,9.092223661784894,moderate,2028,50,12,0,1,20.0,18.25,26.0
highlands,2028-12-18,30,2.970577085295448,51.13233331355109,0,29.573169037725236,8.825782790444801,moderate,2028,51,12,0,1,12.0,14.25,25.0
highlands,2028-12-25,61,-0.9045776107454384,47.39411851278259,1,36.68417685286009,6.660637143855594,moderate,2028,52,12,1,1,30.0,17.5,27.0
lake_district,2024-12-30,81,-1.512609467715003,33.31753118598376,1,39.15902542356013,5.347214564520872,moderate,2024,1,12,1,1,54.0,47.75,72.0
lake_district,2025-01-06,53,2.1225259703776698,30.31661133332843,0,26.723269056380392,10.005515650609206,mild,2025,2,1,0,1,81.0,55.0,44.0
lake_district,2025-01-13,36,4.152461748015704,66.74796214885487,0,28.454943207500996,6.608114776658594,moderate,2025,3,1,0,1,53.0,58.5,40.0
lake_district,2025-01-20,44,1.104564732478002,44.84993582542443,0,31.76573358453711,5.831223855533267,moderate,2025,4,1,0,1,36.0,56.0,60.0
lake_district,2025-01-27,60,2.3619591265114974,44.5645666027781,0,55.174740375339205,11.75368922256334,severe,2025,5,1,0,1,44.0,53.5,41.0
lake_district,2025-02-03,45,-1.4129734022352802,34.25233276901648,1,15.365579981629967,6.818585972073028,mild,2025,6,2,0,1,60.0,48.25,46.0
lake_district,2025-02-10,38,3.262420014361362,64.11707241776467,0,22.709161622563915,6.691707119864407,moderate,2025,7,2,0,1,45.0,46.25,52.0
lake_district,2025-02-17,58,-6.58915611895462,36.74668158910185,1,19.37585588140437,6.941121145267852,mild,2025,8,2,0,1,38.0,46.75,47.0
lake_district,2025-02-24,46,-1.507443112670353,38.11474891494886,1,12.422716086433688,5.065909509218018,mild,2025,9,2,0,1,58.0,50.25,44.0
lake_district,2025-03-03,42,10.516988448113192,14.25154837451938,0,19.03214421545361,11.673827056642628,mild,2025,10,3,0,1,46.0,46.75,36.0
lake_district,2025-03-10,49,13.62026867696163,16.568667423493167,0,26.317510432119693,8.68311110188102,mild,2025,11,3,0,1,42.0,46.0,55.0
lake_district,2025-03-17,46,8.91479057762237,20.26285843143525,0,27.547221540578903,9.554675152123489,mild,2025,12,3,0,1,49.0,48.75,55.0
lake_district,2025-03-24,39,3.7390642978664745,32.47687857539802,0,28.66177035483959,5.250208383260036,mild,2025,13,3,0,1,46.0,45.75,81.0
lake_district,2025-03-31,26,1.047305024101339,34.672250199820894,0,32.32169889626256,6.889345562361968,moderate,2025,14,3,0,1,39.0,44.0,73.0
lake_district,2025-04-07,23,9.886154090180556,80.25431635639657,0,31.55429327668466,8.703512816798407,severe,2025,15,4,0,0,26.0,40.0,40.0
lake_district,2025-04-14,76,8.212621390311469,60.00168786182828,0,22.784419664571526,8.632988523346617,moderate,2025,16,4,1,0,23.0,33.5,38.0
lake_district,2025-04-21,63,7.610853606346042,101.8633661786119,0,45.73354902475242,8.771693105113004,severe,2025,17,4,1,0,76.0,41.0,43.0
lake_district,2025-04-28,53,4.947771161220929,37.75177056033164,0,41.911429530888654,8.525498450294277,moderate,2025,18,4,0,0,63.0,47.0,11.0
lake_district,2025-05-05,79,9.920573613566445,25.108280260516143,0,39.27438481558181,8.908840676428726,moderate,2025,19,5,1,0,53.0,53.75,72.0
lake_district,2025-05-12,44,3.558277262342088,50.569503851001016,0,32.637172043565194,8.104933596712486,moderate,2025,20,5,0,0,79.0,67.75,27.0
lake_district,2025-05-19,46,6.83131525678578,57.93023463868078,0,27.480226217931143,8.305125024204937,moderate,2025,21,5,0,0,44.0,59.75,27.0
lake_district,2025-05-26,54,13.885967891972628,8.66683118137405,0,27.631497354903164,8.353024842744894,mild,2025,22,5,1,0,46.0,55.5,43.0
lake_district,2025-06-02,44,9.183975958748398,52.56170837357421,0,12.432782175214175,8.655990967428218,moderate,2025,23,6,0,0,54.0,55.75,51.0
lake_district,2025-06-09,35,14.909400856656738,29.32277190167725,0,38.63828013698189,7.342949553754212,moderate,2025,24,6,0,0,44.0,47.0,50.0
lake_district,2025-06-16,40,7.754702616684611,38.94202978592102,0,26.655438276441238,10.600089189397917,mild,2025,25,6,0,0,35.0,44.75,33.0
lake_district,2025-06-23,59,10.330620967950829,94.64623210819887,0,41.774118889776936,8.878173357859152,severe,2025,26,6,0,0,40.0,43.25,24.0
lake_district,2025-06-30,47,14.97573810467117,68.77986317476598,0,38.27988176797059,7.406858092930583,moderate,2025,27,6,0,0,59.0,44.5,26.0
lake_district,2025-07-07,35,8.266183263436819,46.05152353399446,0,39.89583934594853,5.643392753770269,moderate,2025,28,7,0,0,47.0,45.25,43.0
lake_district,2025-07-14,18,11.129401369670646,56.18697884989681,0,41.71247093467319,9.50173797746252,moderate,2025,29,7,0,0,35.0,45.25,55.0
lake_district,2025-07-21,52,15.282584630587206,74.61549382277289,0,14.279597443467594,7.866093654203597,moderate,2025,30,7,0,0,18.0,39.75,20.0
lake_district,2025-07-28,21,3.311971229620736,49.634403152674516,0,45.11228433276722,9.275067621795392,severe,2025,31,7,0,0,52.0,38.0,41.0
lake_district,2025-08-04,43,5.204278285685015,39.72565267119202,0,30.327820928762605,5.566879701237744,moderate,2025,32,8,0,0,21.0,31.5,34.0
lake_district,2025-08-11,57,5.315438890413676,66.24018943102487,0,41.55312036106696,9.21752294444888,moderate,2025,33,8,0,0,43.0,33.5,54.0
lake_district,2025-08-18,44,-1.1651580343924,66.0873345806052,1,30.72033573232578,8.827780570745386,moderate,2025,34,8,0,0,57.0,43.25,56.0
lake_district,2025-08-25,54,14.464838726604828,18.735234463905144,0,24.08896574808895,9.18181264558671,mild,2025,35,8,1,0,44.0,41.25,81.0
lake_district,2025-09-01,45,1.6736224021842308,89.51898096107018,0,33.683566127006586,9.693167971686808,severe,2025,36,9,0,0,54.0,49.5,35.0
lake_district,2025-09-08,45,5.716225353912822,76.27527379932421,0,40.68471555989039,8.465756040274337,moderate,2025,37,9,0,0,45.0,50.0,47.0
lake_district,2025-09-15,63,8.937603570794783,65.40686478563453,0,21.366547352606183,7.704942639519294,moderate,2025,38,9,0,0,45.0,47.0,37.0
lake_district,2025-09-22,48,7.389909870190564,67.6678772870699,0,39.99824246910295,5.882927836043183,moderate,2025,39,9,0,0,63.0,51.75,47.0
lake_district,2025-09-29,59,7.499963878721689,89.62911095317946,0,22.56411771187436,6.35549996541936,severe,2025,40,9,0,0,48.0,50.25,35.0
lake_district,2025-10-06,37,8.809224767324775,76.88770380970641,0,30.11426055560659,10.65792118087398,moderate,2025,41,10,0,0,59.0,53.75,33.0
lake_district,2025-10-13,55,11.427175930266108,76.83640133780123,0,35.541165013240935,12.65530620069217,moderate,2025,42,10,0,0,37.0,51.75,22.0
lake_district,2025-10-20,45,7.179353244535824,19.929554158669724,0,46.042543615171404,7.084601138086349,severe,2025,43,10,0,0,55.0,49.75,35.0
lake_district,2025-10-27,36,8.431521777372133,86.19101369721054,0,13.977404589410746,5.496705571787722,severe,2025,44,10,0,0,45.0,49.0,58.0
lake_district,2025-11-03,42,1.5948882515245852,44.11727419949152,0,34.39636606016994,9.048375685625542,moderate,2025,45,11,0,0,36.0,43.25,34.0
lake_district,2025-11-10,40,9.105096717314217,31.74468232215267,0,6.898965633673559,8.108707170780765,mild,2025,46,11,0,0,42.0,44.5,47.0
lake_district,2025-11-17,49,6.1128958654466565,69.18771543433223,0,37.0195362622127,8.276482864117364,moderate,2025,47,11,0,0,40.0,40.75,36.0
lake_district,2025-11-24,32,11.040532341503416,64.58422748230137,0,35.30064705601467,6.590653474260235,moderate,2025,48,11,0,0,49.0,41.75,29.0
lake_district,2025-12-01,45,1.281554344674166,43.93552193313914,0,38.20528475417419,7.212517655550855,moderate,2025,49,12,0,1,32.0,40.75,52.0
lake_district,2025-12-08,46,4.08466902292845,34.68322416169242,0,28.824578326718694,9.659038084048143,mild,2025,50,12,0,1,45.0,41.5,39.0
lake_district,2025-12-15,47,-5.972241484216624,14.070553438504781,1,15.178146025571792,3.3327677603033905,mild,2025,51,12,0,1,46.0,43.0,46.0
lake_district,2025-12-22,61,-0.7130577606207069,54.988677994554806,1,27.151159336174253,8.395580163883704,moderate,2025,52,12,1,1,47.0,42.5,54.0
lake_district,2025-12-29,64,6.35686998684317,66.55372264535383,0,29.308620652738604,10.707171779138797,moderate,2025,1,12,1,1,61.0,49.75,81.0
lake_district,2026-01-05,61,2.3685066337364367,23.25203552345076,0,24.05599647801265,5.038926974869968,mild,2026,2,1,0,1,64.0,54.5,53.0
lake_district,2026-01-12,40,-1.5525354149346096,32.83966623851142,1,38.03585019378602,11.441539662331968,moderate,2026,3,1,0,1,61.0,58.25,36.0
lake_district,2026-01-19,61,-3.52872606150816,47.856549365198376,1,19.594560608424658,8.949394176926404,mild,2026,4,1,0,1,40.0,56.5,44.0
lake_district,2026-01-26,44,1.4756533972490935,3.3818834830493927,0,39.282969915684845,6.789998574382538,moderate,2026,5,1,0,1,61.0,56.5,60.0
lake_district,2026-02-02,47,-0.1356009534942184,18.604951774206203,1,23.45716723312444,8.855780881389835,mild,2026,6,2,0,1,44.0,51.5,45.0
lake_district,2026-02-09,53,1.243022636254378,46.57324004564962,0,33.61921853928844,10.641323311056336,moderate,2026,7,2,0,1,47.0,48.0,38.0
lake_district,2026-02-16,56,0.6288553965424828,10.462843663085366,0,40.67222416571983,7.33702365580549,moderate,2026,8,2,0,1,53.0,51.25,58.0
lake_district,2026-02-23,54,6.458369778309508,47.66754226364941,0,28.68862469796655,8.697551788092591,mild,2026,9,2,0,1,56.0,50.0,46.0
lake_district,2026-03-02,21,9.804050240505198,81.53961058107507,0,30.69381135132779,8.320381186634151,severe,2026,10,3,0,1,54.0,52.5,42.0
lake_district,2026-03-09,37,6.304960629865542,23.086779344653056,0,33.33070372618255,7.948274304092287,moderate,2026,11,3,0,1,21.0,46.0,49.0
lake_district,2026-03-16,44,3.2556328458302137,23.332623881011884,0,14.10432506691031,3.854033128017417,mild,2026,12,3,0,1,37.0,42.0,46.0
lake_district,2026-03-23,35,-2.4695364519584317,30.826494301213337,1,27.068084133512382,11.874462324859032,mild,2026,13,3,0,1,44.0,39.0,39.0
lake_district,2026-03-30,80,6.4239734796291925,20.758177673167456,0,33.47708452450957,7.18584352729935,moderate,2026,14,3,1,1,35.0,34.25,26.0
lake_district,2026-04-06,45,6.862544647839619,63.70651298830763,0,36.19171116975393,7.321483032231969,moderate,2026,15,4,1,0,80.0,49.0,23.0
lake_district,2026-04-13,45,12.255406130937434,37.16123547715192,0,30.06339062362268,13.195347453191662,moderate,2026,16,4,0,0,45.0,51.0,76.0
lake_district,2026-04-20,32,8.892318970501101,88.66429013212345,0,30.915201781732083,9.161554190659594,severe,2026,17,4,0,0,45.0,51.25,63.0
lake_district,2026-04-27,58,7.772867222429234,56.59184837671591,0,22.205176032745804,8.860602717915107,moderate,2026,18,4,0,0,32.0,50.5,53.0
lake_district,2026-05-04,58,4.593851243256928,73.31170472626859,0,40.852870044459095,8.73306281447446,moderate,2026,19,5,1,0,58.0,45.0,79.0
lake_district,2026-05-11,38,6.855005065777232,69.07931158617393,0,26.913269444535874,9.871094250930298,moderate,2026,20,5,0,0,58.0,48.25,44.0
lake_district,2026-05-18,51,0.6743756631395055,53.28785263762708,0,10.091880048760022,5.00987833954559,moderate,2026,21,5,0,0,38.0,46.5,46.0
lake_district,2026-05-25,48,13.455448919255636,77.90369963943371,0,22.805197667152097,4.994993087918206,moderate,2026,22,5,1,0,51.0,51.25,54.0
lake_district,2026-06-01,46,-3.858115351366605,49.130089841347306,1,54.204150122474026,8.869768542927295,severe,2026,23,6,0,0,48.0,48.75,44.0
lake_district,2026-06-08,33,5.761710855802042,69.30160419000613,0,14.390416470055571,7.405353274604729,moderate,2026,24,6,0,0,46.0,45.75,35.0
lake_district,2026-06-15,54,8.397909892062954,58.27798696357903,0,37.908061216900805,8.689290452472104,moderate,2026,25,6,0,0,33.0,44.5,40.0
lake_district,2026-06-22,45,10.673304072431987,46.23255435538481,0,38.97815408410548,11.257873895247982,moderate,2026,26,6,0,0,54.0,45.25,59.0
lake_district,2026-06-29,62,4.119401921394349,42.246086885708806,0,43.35784336320233,7.61731202660988,moderate,2026,27,6,0,0,45.0,44.5,47.0
lake_district,2026-07-06,58,13.615285568266229,51.149285762156325,0,44.55045576270712,8.262971633610904,moderate,2026,28,7,0,0,62.0,48.5,35.0
lake_district,2026-07-13,48,9.03291529329078,91.29436043339808,0,26.382295225558284,6.117755808150084,severe,2026,29,7,0,0,58.0,54.75,18.0
lake_district,2026-07-20,31,6.205743167886583,69.04667901286277,0,14.342409278194856,9.274941805302245,moderate,2026,30,7,0,0,48.0,53.25,52.0
lake_district,2026-07-27,28,5.844914729529028,82.95625321467128,0,6.057396950995283,6.426868449791662,severe,2026,31,7,0,0,31.0,49.75,21.0
lake_district,2026-08-03,34,1.254127395063592,43.47541067272095,0,32.47665901108943,7.64154674910049,moderate,2026,32,8,0,0,28.0,41.25,43.0
lake_district,2026-08-10,45,6.9864897242079405,56.81630257239878,0,32.03388240619943,5.982927916113785,moderate,2026,33,8,0,0,34.0,35.25,57.0
lake_district,2026-08-17,39,10.827398563596203,73.25331940770968,0,33.85037937656101,9.113066885502526,moderate,2026,34,8,0,0,45.0,34.5,44.0
lake_district,2026-08-24,27,9.185672003234638,100.70146605462138,0,29.1290582894749,7.385833563330847,severe,2026,35,8,0,0,39.0,36.5,54.0
lake_district,2026-08-31,67,4.985889678570489,39.35474658844326,0,17.555282123989247,6.222405373538163,mild,2026,36,8,1,0,27.0,36.25,45.0
lake_district,2026-09-07,33,7.717278473391715,66.6859025699543,0,30.511420585521616,6.468929445140574,moderate,2026,37,9,0,0,67.0,44.5,45.0
lake_district,2026-09-14,53,11.600738256079856,74.78825344601896,0,28.40351692577983,6.694167710670576,moderate,2026,38,9,0,0,33.0,41.5,63.0
lake_district,2026-09-21,51,10.193711683319195,63.75947174972209,0,15.518727405849525,7.86403948803119,moderate,2026,39,9,0,0,53.0,45.0,48.0
lake_district,2026-09-28,26,9.048143248297524,42.006104270244926,0,31.898433928374427,5.090355029484422,moderate,2026,40,9,0,0,51.0,51.0,59.0
lake_district,2026-10-05,43,13.344744400048684,84.95899970118863,0,27.474826656970357,8.726908675678146,severe,2026,41,10,0,0,26.0,40.75,37.0
lake_district,2026-10-12,23,-1.6396878631994998,36.873046794693344,1,27.062210798478706,5.855733957146282,mild,2026,42,10,0,0,43.0,43.25,55.0
lake_district,2026-10-19,37,10.857585930522635,99.94593061495988,0,18.23385280570698,6.325073191829615,severe,2026,43,10,0,0,23.0,35.75,45.0
lake_district,2026-10-26,51,8.941793473239722,92.22232296999242,0,17.776256874600968,8.498072244613883,severe,2026,44,10,0,0,37.0,32.25,36.0
lake_district,2026-11-02,27,15.285195403252434,26.964817036414654,0,17.18930793154168,7.152786787078323,mild,2026,45,11,0,0,51.0,38.5,42.0
lake_district,2026-11-09,33,5.917646348578356,76.25202575507289,0,32.41659719820838,4.450075880715744,moderate,2026,46,11,0,0,27.0,34.5,40.0
lake_district,2026-11-16,30,10.061641611603244,48.44922225288699,0,42.74447216941239,6.74482492712616,moderate,2026,47,11,0,0,33.0,37.0,49.0
lake_district,2026-11-23,42,5.453538867591057,70.82263221609062,0,37.62926482336937,8.896198727872408,moderate,2026,48,11,0,0,30.0,35.25,32.0
lake_district,2026-11-30,38,1.257610730460767,70.76068879856501,0,19.65691948325601,8.470552223176528,moderate,2026,49,11,0,0,42.0,33.0,45.0
lake_district,2026-12-07,47,-3.6949377415962408,48.92644295086127,1,21.934010956926276,5.434730699478957,mild,2026,50,12,0,1,38.0,35.75,46.0
lake_district,2026-12-14,56,4.855280545929598,44.832890433535034,0,23.860231986071028,10.902357698042128,mild,2026,51,12,0,1,47.0,39.25,47.0
lake_district,2026-12-21,89,0.23739031372103017,40.642153479418695,0,32.68913447678601,6.760668131742774,moderate,2026,52,12,1,1,56.0,45.75,61.0
lake_district,2026-12-28,76,3.8845451735997174,29.33095305670551,0,25.883616777837908,10.725285279606682,mild,2026,53,12,1,1,89.0,57.5,64.0
lake_district,2027-01-04,42,-2.1623442100497323,0.0,0,46.10936995011895,13.098655905214006,severe,2027,1,1,0,1,76.0,67.0,61.0
lake_district,2027-01-11,53,0.3789229382026726,1.263239187596298,0,26.895160238040564,7.427554100318662,mild,2027,2,1,0,1,42.0,65.75,40.0
lake_district,2027-01-18,58,1.240304635910972,17.732239161563037,0,35.79561142476477,9.049014750572171,moderate,2027,3,1,0,1,53.0,65.0,61.0
lake_district,2027-01-25,58,-3.977622479277226,53.98393463389776,1,50.52684981945891,8.343920664874119,severe,2027,4,1,0,1,58.0,57.25,44.0
lake_district,2027-02-01,50,0.6506993517259758,37.15993571184957,0,36.15256766968561,4.538656788985564,moderate,2027,5,2,0,1,58.0,52.75,47.0
lake_district,2027-02-08,42,2.6575628119092087,32.1907210107438,0,48.47825012956045,7.651654532390085,severe,2027,6,2,0,1,50.0,54.75,53.0
lake_district,2027-02-15,76,8.671550444478079,17.925186044359855,0,35.87259166802792,8.638800527582458,moderate,2027,7,2,0,1,42.0,52.0,56.0
lake_district,2027-02-22,38,-1.4761889914591295,43.54792229273881,1,42.125188368316,7.352416591426799,moderate,2027,8,2,0,1,76.0,56.5,54.0
lake_district,2027-03-01,56,-4.767850596679053,39.64874347045107,1,20.975769052074877,7.3153181226722355,mild,2027,9,3,0,1,38.0,51.5,21.0
lake_district,2027-03-08,40,1.673648921259516,5.886955679689656,0,13.843416606793221,8.96413367105105,mild,2027,10,3,0,1,56.0,53.0,37.0
lake_district,2027-03-15,35,-0.0908747846787214,0.0,0,37.84844036608135,8.54473951054848,moderate,2027,11,3,0,1,40.0,52.5,44.0
lake_district,2027-03-22,66,-0.8554992961459358,13.66339577883517,1,38.35807896314337,8.698701245120859,moderate,2027,12,3,1,1,35.0,42.25,35.0
lake_district,2027-03-29,75,11.530409130736292,48.403771974498746,0,33.87703141262015,7.66614413978287,moderate,2027,13,3,1,1,66.0,49.25,80.0
lake_district,2027-04-05,60,11.267103468803164,72.50170402496308,0,42.51725008565195,6.957354162725429,moderate,2027,14,4,0,0,75.0,54.0,45.0
lake_district,2027-04-12,40,6.258370108224151,50.4179365817604,0,37.90801721178989,10.996748880593463,moderate,2027,15,4,0,0,60.0,59.0,45.0
lake_district,2027-04-19,25,6.164638027402798,51.504525444138174,0,33.14077223869799,7.508476999974198,moderate,2027,16,4,0,0,40.0,60.25,32.0
lake_district,2027-04-26,32,11.80821461255956,14.964454187619069,0,21.732949530831053,6.435167332077109,mild,2027,17,4,0,0,25.0,50.0,58.0
lake_district,2027-05-03,66,-1.2814240495445794,40.72723111262392,1,20.84843884154074,7.59779069096234,mild,2027,18,5,1,0,32.0,39.25,58.0
lake_district,2027-05-10,35,12.451863566641055,55.09878697618596,0,19.69186279728846,7.886090917572942,moderate,2027,19,5,0,0,66.0,40.75,38.0
lake_district,2027-05-17,34,12.196694485765398,40.48082367770191,0,20.894251160785515,9.117097918548447,mild,2027,20,5,0,0,35.0,39.5,51.0
lake_district,2027-05-24,48,7.113855537076798,72.94969381418949,0,29.863532082047033,9.403327296179134,moderate,2027,21,5,0,0,34.0,41.75,48.0
lake_district,2027-05-31,67,3.859687543837437,59.75830698423465,0,27.89309985636843,5.568218151791738,moderate,2027,22,5,1,0,48.0,45.75,46.0
lake_district,2027-06-07,39,1.7460882085252463,73.71498070549323,0,26.49047617782022,5.9554394367053405,moderate,2027,23,6,0,0,67.0,46.0,33.0
lake_district,2027-06-14,41,7.615284252306671,82.56037714698606,0,7.192621546280768,5.006722620193347,severe,2027,24,6,0,0,39.0,47.0,54.0
lake_district,2027-06-21,42,4.30845423241893,89.22357733440657,0,32.82586982919297,9.534634480922454,severe,2027,25,6,0,0,41.0,48.75,45.0
lake_district,2027-06-28,38,3.4393563234950775,37.60928249458948,0,34.4781371672271,8.116548661870894,moderate,2027,26,6,0,0,42.0,47.25,62.0
lake_district,2027-07-05,38,10.194955275456506,56.24658018143095,0,32.78143726454627,8.316238169810218,moderate,2027,27,7,0,0,38.0,40.0,58.0
lake_district,2027-07-12,24,11.111069556339702,76.14016563888941,0,13.8012800560823,3.5054628893182893,moderate,2027,28,7,0,0,38.0,39.75,48.0
lake_district,2027-07-19,28,12.006981590606028,83.75450186523872,0,19.793769804866628,4.280329186908743,severe,2027,29,7,0,0,24.0,35.5,31.0
lake_district,2027-07-26,32,8.396139284028804,78.61676452701059,0,47.97594522434315,9.032595144202904,severe,2027,30,7,0,0,28.0,32.0,28.0
lake_district,2027-08-02,44,6.513133213657219,42.13738756830274,0,30.114512916706545,7.401470592229487,moderate,2027,31,8,0,0,32.0,30.5,34.0
lake_district,2027-08-09,38,3.939728377084736,100.97511301726573,0,47.85168402072131,10.272097367110856,severe,2027,32,8,0,0,44.0,32.0,45.0
lake_district,2027-08-16,49,4.31659840876349,77.10038648594558,0,36.39626409497902,8.885091248408106,moderate,2027,33,8,0,0,38.0,35.5,39.0
lake_district,2027-08-23,49,12.998661068175108,72.70742285722555,0,37.40014236304336,9.27381256674442,moderate,2027,34,8,0,0,49.0,40.75,27.0
lake_district,2027-08-30,63,9.363165632008425,24.327777405716333,0,30.836210774105574,6.88761608230175,moderate,2027,35,8,1,0,49.0,45.0,67.0
lake_district,2027-09-06,42,2.880636169439918,93.63633238601648,0,47.28995340885703,10.718441200591224,severe,2027,36,9,0,0,63.0,49.75,33.0
lake_district,2027-09-13,31,9.020853667423498,87.01250241905315,0,30.120531806018256,8.40559455379556,severe,2027,37,9,0,0,42.0,50.75,53.0
lake_district,2027-09-20,30,3.6261145181520686,67.9398260899768,0,30.60385928424417,5.394695766331071,moderate,2027,38,9,0,0,31.0,46.25,51.0
lake_district,2027-09-27,22,7.795211552733613,58.40540872286383,0,47.975611666446405,9.788426657026818,severe,2027,39,9,0,0,30.0,41.5,26.0
lake_district,2027-10-04,32,8.045781756365864,64.97574619602166,0,30.442123781041985,7.594172030408904,moderate,2027,40,10,0,0,22.0,31.25,43.0
lake_district,2027-10-11,49,3.6702912104468526,56.97896244786142,0,22.539017433474868,5.499368922153708,moderate,2027,41,10,0,0,32.0,28.75,23.0
lake_district,2027-10-18,36,10.04488725819014,67.8252931986647,0,12.13292488631922,7.754630725009745,moderate,2027,42,10,0,0,49.0,33.25,37.0
lake_district,2027-10-25,34,11.982805543599694,81.18447477792643,0,40.25836842885239,8.077826413802919,severe,2027,43,10,0,0,36.0,34.75,51.0
lake_district,2027-11-01,38,4.619818688123395,38.32602345283879,0,33.44604904750358,8.758560068730326,moderate,2027,44,11,0,0,34.0,37.75,27.0
lake_district,2027-11-08,33,13.149324446420264,81.99959300684168,0,28.67771343468828,5.511588242278261,severe,2027,45,11,0,0,38.0,39.25,33.0
lake_district,2027-11-15,37,6.723573611956409,64.34462389621049,0,27.979167546105955,6.844211783844688,moderate,2027,46,11,0,0,33.0,35.25,30.0
lake_district,2027-11-22,41,9.011539259879596,49.92084517178779,0,23.71933916274626,8.62290566860688,mild,2027,47,11,0,0,37.0,35.5,42.0
lake_district,2027-11-29,34,6.392029679483181,64.88208777956704,0,32.73204022852123,5.721141997816851,moderate,2027,48,11,0,0,41.0,37.25,38.0
lake_district,2027-12-06,63,0.0750355045383512,68.75553879832924,0,18.379204872657127,3.766691102058938,moderate,2027,49,12,0,1,34.0,36.25,47.0
lake_district,2027-12-13,59,-5.447380612970046,40.58219893153338,1,30.30917278032699,7.764778289149758,moderate,2027,50,12,0,1,63.0,43.75,56.0
lake_district,2027-12-20,53,6.856759315714006,0.0,0,33.95933874430823,11.122876403607147,moderate,2027,51,12,0,1,59.0,49.25,89.0
lake_district,2027-12-27,67,-2.511123059566856,32.4038697642021,1,22.47108082771379,6.211307907844942,mild,2027,52,12,1,1,53.0,52.25,76.0
lake_district,2028-01-03,67,0.6949519799078401,68.54970567369008,0,48.3738667548752,7.328121549919705,severe,2028,1,1,1,1,67.0,60.5,42.0
lake_district,2028-01-10,50,9.62024085625788,40.7115295396925,0,47.53691026701081,7.813402700693016,severe,2028,2,1,0,1,67.0,61.5,53.0
lake_district,2028-01-17,48,2.5242313041845774,47.30948945285669,0,61.78853679367535,9.70257114968958,severe,2028,3,1,0,1,50.0,59.25,58.0
lake_district,2028-01-24,60,-0.8290581198058544,59.37995740551716,1,26.381674629156585,7.020499634197582,moderate,2028,4,1,0,1,48.0,58.0,58.0
lake_district,2028-01-31,60,5.634405439568445,40.62171175542306,0,32.785759145118064,8.027970443730585,moderate,2028,5,1,0,1,60.0,56.25,50.0
lake_district,2028-02-07,45,3.3463325064217386,48.49931794872298,0,10.630330672945846,9.333145337219069,mild,2028,6,2,0,1,60.0,54.5,42.0
lake_district,2028-02-14,40,-1.9280776793212024,11.154017288811776,1,29.41588756141317,8.167962006628908,mild,2028,7,2,0,1,45.0,53.25,76.0
lake_district,2028-02-21,53,-0.774024658289123,56.62063715335949,1,16.57824833629093,7.186112502454882,moderate,2028,8,2,0,1,40.0,51.25,38.0
lake_district,2028-02-28,48,-0.3394965397320026,39.06825459321321,1,32.788642846472385,5.984214100752911,moderate,2028,9,2,0,1,53.0,49.5,56.0
lake_district,2028-03-06,55,4.897130709824912,41.260047366693996,0,11.080537466880894,4.082817119205938,mild,2028,10,3,0,1,48.0,46.5,40.0
lake_district,2028-03-13,44,1.950722828282755,35.58065364427292,0,28.96579886425366,7.944035086939564,mild,2028,11,3,0,1,55.0,49.0,35.0
lake_district,2028-03-20,39,2.902239358040723,58.952992196966,0,18.88895099082442,5.65605681419841,moderate,2028,12,3,0,1,44.0,50.0,66.0
lake_district,2028-03-27,47,-2.37329543154953,45.77833334337413,1,42.44947378646445,7.137321123520979,moderate,2028,13,3,0,1,39.0,46.5,75.0
lake_district,2028-04-03,56,-2.006799376638618,25.92014274779249,1,21.669632772039883,6.884542225009571,mild,2028,14,4,0,0,47.0,46.25,60.0
lake_district,2028-04-10,64,6.366445490981095,60.77162245961834,0,26.882536691775528,10.098679221086815,moderate,2028,15,4,1,0,56.0,46.5,40.0
lake_district,2028-04-17,59,5.295930777274525,42.75364081048914,0,34.78875538520462,4.928715860147761,moderate,2028,16,4,1,0,64.0,51.5,25.0
lake_district,2028-04-24,59,9.55876682128001,62.05106367452534,0,28.52557510081833,11.176552214298525,moderate,2028,17,4,0,0,59.0,56.5,32.0
lake_district,2028-05-01,50,5.511170218821128,101.20596341048156,0,27.74568550771901,5.445967110059544,severe,2028,18,5,1,0,59.0,59.5,66.0
lake_district,2028-05-08,30,8.2796783239793,38.47509599362464,0,22.482441521865,8.794066600030982,mild,2028,19,5,0,0,50.0,58.0,35.0
lake_district,2028-05-15,33,10.2223283546005,47.55664599491484,0,39.87405145046401,10.315015516042267,moderate,2028,20,5,0,0,30.0,49.5,34.0
lake_district,2028-05-22,37,13.745207026253164,70.58826814251444,0,43.63428712085699,4.238403144051885,moderate,2028,21,5,0,0,33.0,43.0,48.0
lake_district,2028-05-29,37,6.72837380548615,42.65989487353147,0,31.19225861127392,6.857101561606525,moderate,2028,22,5,1,0,37.0,37.5,67.0
lake_district,2028-06-05,29,7.335368632201071,97.643497604081,0,28.302802035796216,8.827584634380427,severe,2028,23,6,0,0,37.0,34.25,39.0
lake_district,2028-06-12,60,7.07092268030306,61.51426575913668,0,30.06016680436072,8.89664813194632,moderate,2028,24,6,0,0,29.0,34.0,41.0
lake_district,2028-06-19,44,12.661230142188709,92.9478799520666,0,33.09620081909167,9.179093772071203,severe,2028,25,6,0,0,60.0,40.75,42.0
lake_district,2028-06-26,50,3.3965419632577323,58.24246515168759,0,39.40289464883589,9.731937276834309,moderate,2028,26,6,0,0,44.0,42.5,38.0
lake_district,2028-07-03,50,8.8464389311802,77.72787919135905,0,34.90766708993819,10.400612516518642,moderate,2028,27,7,0,0,50.0,45.75,38.0
lake_district,2028-07-10,38,9.157436627828444,52.8860336885793,0,33.358412569330234,2.138811248294449,severe,2028,28,7,0,0,50.0,51.0,24.0
lake_district,2028-07-17,34,9.531542945540195,0.0,0,12.76536592594582,8.903537201881969,mild,2028,29,7,0,0,38.0,45.5,28.0
lake_district,2028-07-24,51,9.910117349067182,36.75142439720139,0,22.87897958121061,10.741081977228264,mild,2028,30,7,0,0,34.0,43.0,32.0
lake_district,2028-07-31,34,6.063879473709296,104.85840624805972,0,29.98080146823654,8.816072353762534,severe,2028,31,7,0,0,51.0,43.25,44.0
lake_district,2028-08-07,36,14.46749759399443,62.6205423238684,0,19.976560193091988,7.780545096611419,moderate,2028,32,8,0,0,34.0,39.25,38.0
lake_district,2028-08-14,47,7.857557055239637,32.70516695596869,0,27.441679286591768,6.515615812005127,mild,2028,33,8,0,0,36.0,38.75,49.0
lake_district,2028-08-21,33,11.697431028749737,60.69223748370512,0,27.1720425085243,7.787636138754848,moderate,2028,34,8,0,0,47.0,42.0,49.0
lake_district,2028-08-28,65,8.892488073624664,72.3362839937956,0,20.002877713306187,5.916824734757457,moderate,2028,35,8,1,0,33.0,37.5,63.0
lake_district,2028-09-04,22,12.41871686161012,51.75326255590539,0,15.83157907403126,8.88762541876621,moderate,2028,36,9,0,0,65.0,45.25,42.0
lake_district,2028-09-11,31,9.853479224130748,29.38569485486587,0,32.294817154636064,9.471166184856749,moderate,2028,37,9,0,0,22.0,41.75,31.0
lake_district,2028-09-18,50,9.497545806825052,72.63962967522791,0,15.95730901909251,8.66208030999239,moderate,2028,38,9,0,0,31.0,37.75,30.0
lake_district,2028-09-25,18,6.789520962118214,50.34419682550711,0,38.70555609419726,10.95854902134846,moderate,2028,39,9,0,0,50.0,42.0,22.0
lake_district,2028-10-02,37,15.177480218401438,86.2961574301181,0,28.902658183698165,8.705440326052686,severe,2028,40,10,0,0,18.0,30.25,32.0
lake_district,2028-10-09,50,11.067291487136975,62.42355898598924,0,31.307641879115444,9.647506263752364,moderate,2028,41,10,0,0,37.0,34.0,49.0
lake_district,2028-10-16,42,7.762869415896271,45.41426127252677,0,25.855269341641414,9.267820755467485,mild,2028,42,10,0,0,50.0,38.75,36.0
lake_district,2028-10-23,48,8.011973164799823,66.80419953736676,0,36.7007924220219,7.250317074204781,moderate,2028,43,10,0,0,42.0,36.75,34.0
lake_district,2028-10-30,20,11.024992654519224,67.57685206916788,0,17.651869130885213,10.884609582372487,moderate,2028,44,10,0,0,48.0,44.25,38.0
lake_district,2028-11-06,27,5.997021024972336,26.898093136296325,0,19.549562904136977,5.957909678643355,mild,2028,45,11,0,0,20.0,40.0,33.0
lake_district,2028-11-13,41,8.208693274630134,54.522989889075255,0,26.631680323594072,9.239403930964958,moderate,2028,46,11,0,0,27.0,34.25,37.0
lake_district,2028-11-20,31,9.359501444770816,66.3209574128857,0,34.098284573286925,9.232269336004476,moderate,2028,47,11,0,0,41.0,34.0,41.0
lake_district,2028-11-27,36,-0.4318133671097719,52.711234954710775,1,8.19789935510526,8.072119853595591,moderate,2028,48,11,0,0,31.0,29.75,34.0
lake_district,2028-12-04,41,1.981468111102619,60.9106454957936,0,41.87634392721121,8.405550096504735,moderate,2028,49,12,0,1,36.0,33.75,63.0
lake_district,2028-12-11,42,-0.0014443095875993,49.70322225091476,1,24.720823626756864,7.997214697113303,mild,2028,50,12,0,1,41.0,37.25,59.0
lake_district,2028-12-18,37,5.944545267843071,28.84457308021153,0,38.05678639242501,9.354802737384604,moderate,2028,51,12,0,1,42.0,37.5,53.0
lake_district,2028-12-25,69,-1.819167268523286,59.477882564348015,1,36.98566345371505,8.203851774745315,moderate,2028,52,12,1,1,37.0,39.0,67.0
snowdonia,2024-12-30,69,-1.187643957186761,46.03941485038543,1,22.746084779920245,6.743030539726421,mild,2024,1,12,1,1,51.0,38.25,54.0
snowdonia,2025-01-06,36,5.097978815461485,39.22923476313175,0,47.39648041931012,7.035535042594158,severe,2025,2,1,0,1,69.0,45.25,43.0
snowdonia,2025-01-13,32,5.997345329897957,41.94826825915564,0,37.95778009744233,7.1056846853401066,moderate,2025,3,1,0,1,36.0,49.5,31.0
snowdonia,2025-01-20,49,1.8017646497936688,37.69002241402131,0,21.63942885154213,9.324163069163506,mild,2025,4,1,0,1,32.0,47.0,18.0
snowdonia,2025-01-27,36,4.600996022313456,51.87109389811133,0,45.36965653917645,10.898689602472608,severe,2025,5,1,0,1,49.0,46.5,35.0
snowdonia,2025-02-03,41,0.5002212406034585,47.46104636868357,0,23.763993107417875,8.04671063222911,mild,2025,6,2,0,1,36.0,38.25,35.0
snowdonia,2025-02-10,26,-0.3989977964754589,72.40140618272102,1,33.63698150342963,7.563941743791156,moderate,2025,7,2,0,1,41.0,39.5,21.0
snowdonia,2025-02-17,41,6.774474287425508,0.0,0,9.858974051347104,9.591677310439549,mild,2025,8,2,0,1,26.0,38.0,45.0
snowdonia,2025-02-24,52,2.2418737924694723,45.008926005215216,0,16.73603896681451,7.953532578299268,mild,2025,9,2,0,1,41.0,36.0,34.0
snowdonia,2025-03-03,36,10.014037641605368,56.483992395917255,0,31.69706545142812,7.121892179790125,moderate,2025,10,3,0,1,52.0,40.0,36.0
snowdonia,2025-03-10,44,0.4217085925224246,0.0,0,32.5764042092116,9.690966216963709,moderate,2025,11,3,0,1,36.0,38.75,40.0
snowdonia,2025-03-17,34,-4.302477308682461,26.77166215386368,1,18.42535367766578,6.069297610382473,mild,2025,12,3,0,1,44.0,43.25,37.0
snowdonia,2025-03-24,41,2.213926507287601,0.0,0,36.14270438357064,9.507710139867363,moderate,2025,13,3,0,1,34.0,41.5,48.0
snowdonia,2025-03-31,35,0.9955896478523502,0.0,0,20.035813739976103,10.465803868205391,mild,2025,14,3,0,1,41.0,38.75,53.0
snowdonia,2025-04-07,37,-3.11197712291429,53.04953175612962,1,18.19999221532741,9.609140603169672,moderate,2025,15,4,0,0,35.0,38.5,39.0
snowdonia,2025-04-14,43,5.299544191426154,68.07908041471222,0,35.65460419169093,11.67245167946004,moderate,2025,16,4,1,0,37.0,36.75,31.0
snowdonia,2025-04-21,39,7.188232225298519,67.52088739245222,0,15.149445208725641,10.380827126587487,moderate,2025,17,4,1,0,43.0,39.0,24.0
snowdonia,2025-04-28,30,4.957964607714541,48.784916718245086,0,29.77752205150789,4.874231309320302,mild,2025,18,4,0,0,39.0,38.5,25.0
snowdonia,2025-05-05,54,8.915080115715751,79.34932545850022,0,32.92933823497292,4.822204871642549,moderate,2025,19,5,1,0,30.0,37.25,54.0
snowdonia,2025-05-12,11,7.504762822681361,74.84057805958982,0,11.220112340340922,5.850467972364572,moderate,2025,20,5,0,0,54.0,41.5,36.0
snowdonia,2025-05-19,16,11.50617441632608,65.40190868394573,0,34.11971582126754,11.718989615246624,moderate,2025,21,5,0,0,11.0,33.5,14.0
snowdonia,2025-05-26,45,9.87421111402481,73.15776020866359,0,57.107455272183266,7.5723908838190175,severe,2025,22,5,1,0,16.0,27.75,48.0
snowdonia,2025-06-02,32,4.80846894552602,68.55592796494265,0,34.389910293888946,6.946569216107584,moderate,2025,23,6,0,0,45.0,31.5,48.0
snowdonia,2025-06-09,28,3.8704119217806103,106.19688844180156,0,33.26843470388023,6.5354292371958485,severe,2025,24,6,0,0,32.0,26.0,35.0
snowdonia,2025-06-16,42,11.663721209118394,57.81709696877332,0,27.471185536821686,9.124545743828987,moderate,2025,25,6,0,0,28.0,30.25,26.0
snowdonia,2025-06-23,26,2.83247092707324,67.05254407834344,0,49.12954807731752,8.93235532439462,severe,2025,26,6,0,0,42.0,36.75,29.0
snowdonia,2025-06-30,25,6.495151584866141,49.85789439143516,0,25.89660026654891,7.492074643904438,mild,2025,27,6,0,0,26.0,32.0,30.0
snowdonia,2025-07-07,36,6.488773868966912,78.32622882149133,0,12.667908967910169,9.724000100824268,moderate,2025,28,7,0,0,25.0,30.25,20.0
snowdonia,2025-07-14,26,6.481253899429755,67.53895571390744,0,18.73012089799136,10.657262133698872,moderate,2025,29,7,0,0,36.0,32.25,31.0
snowdonia,2025-07-21,38,12.982539840687492,79.19181051500146,0,14.852452242064606,9.658242142132108,moderate,2025,30,7,0,0,26.0,28.25,36.0
snowdonia,2025-07-28,35,9.619420350542836,27.894575057348646,0,29.75702616229184,8.729068978066525,mild,2025,31,7,0,0,38.0,31.25,31.0
snowdonia,2025-08-04,30,10.224301095292605,63.54522733897712,0,32.9123141684738,10.947222784506192,moderate,2025,32,8,0,0,35.0,33.75,18.0
snowdonia,2025-08-11,13,12.90413563964272,2.658900924345133,0,26.825614451623185,7.6706979449120976,mild,2025,33,8,0,0,30.0,32.25,29.0
snowdonia,2025-08-18,27,0.9916057090921157,61.88366116464625,0,42.48757772410506,5.826864280818819,moderate,2025,34,8,0,0,13.0,29.0,47.0
snowdonia,2025-08-25,51,9.34560375475949,41.683530454071246,0,23.28087976320323,10.95478726834007,mild,2025,35,8,1,0,27.0,26.25,37.0
snowdonia,2025-09-01,24,5.8297687195527,69.2442497802125,0,11.287818839390132,11.724635122789758,moderate,2025,36,9,0,0,51.0,30.25,21.0
snowdonia,2025-09-08,16,10.410609785225995,56.350003146994766,0,35.75546509999895,5.180361142104379,moderate,2025,37,9,0,0,24.0,28.75,38.0
snowdonia,2025-09-15,36,12.73012296701063,53.5203044900714,0,27.959304849515654,7.016688770069031,moderate,2025,38,9,0,0,16.0,29.5,24.0
snowdonia,2025-09-22,30,5.677394389017661,73.89341223256817,0,32.559068501042226,9.303496282806082,moderate,2025,39,9,0,0,36.0,31.75,32.0
snowdonia,2025-09-29,49,7.964821242057715,70.26399622154362,0,25.811512560749616,12.459463682819097,moderate,2025,40,9,0,0,30.0,26.5,4.0
snowdonia,2025-10-06,42,1.7282783342780055,85.21874647125969,0,43.679074507209705,6.295682388068813,severe,2025,41,10,0,0,49.0,32.75,22.0
snowdonia,2025-10-13,34,16.917094442223892,79.90980565890636,0,39.71139006822912,8.056044374051753,moderate,2025,42,10,0,0,42.0,39.25,29.0
snowdonia,2025-10-20,36,7.131095367125294,55.81182345920784,0,33.905305963195175,10.802372550067792,moderate,2025,43,10,0,0,34.0,38.75,21.0
snowdonia,2025-10-27,21,8.725256871445678,41.7711275372542,0,38.2442706238498,9.842301492789584,moderate,2025,44,10,0,0,36.0,40.25,31.0
snowdonia,2025-11-03,50,10.618638113791144,74.90997813049965,0,27.29071869842192,6.142021665738841,moderate,2025,45,11,0,0,21.0,33.25,42.0
snowdonia,2025-11-10,23,4.527226277436881,27.29073503084284,0,32.369486115459495,7.833102433546814,moderate,2025,46,11,0,0,50.0,35.25,31.0
snowdonia,2025-11-17,23,6.240049181881164,0.8876235130986032,0,17.52682530305831,10.241681302806334,mild,2025,47,11,0,0,23.0,32.5,24.0
snowdonia,2025-11-24,39,5.341495999747476,67.21183355313683,0,16.093145700247437,10.877410964718464,moderate,2025,48,11,0,0,23.0,29.25,27.0
snowdonia,2025-12-01,45,1.4238893597812945,45.800807929670704,0,53.25779791881685,11.032880201178807,severe,2025,49,12,0,1,39.0,33.75,41.0
snowdonia,2025-12-08,35,0.7737375148517689,28.135596302592816,0,26.744549884804684,9.019796496953072,mild,2025,50,12,0,1,45.0,32.5,19.0
snowdonia,2025-12-15,34,1.5791034629965155,32.09511709993057,0,44.67181250709042,7.771580216444327,moderate,2025,51,12,0,1,35.0,35.5,42.0
snowdonia,2025-12-22,79,11.198356372149275,41.81485127504346,0,47.85318394224727,8.714638845421254,severe,2025,52,12,1,1,34.0,38.25,51.0
snowdonia,2025-12-29,69,5.851842292997791,25.50777896964551,0,21.46240777412588,8.919411910029975,mild,2025,1,12,1,1,79.0,48.25,69.0
snowdonia,2026-01-05,52,5.954212969861261,40.80513004000927,0,17.136066649163027,5.279483267421346,mild,2026,2,1,0,1,69.0,54.25,36.0
snowdonia,2026-01-12,40,-3.708545608744964,4.647557741212381,0,31.09485359447088,10.25008784341605,moderate,2026,3,1,0,1,52.0,58.5,32.0
snowdonia,2026-01-19,42,1.946336852300765,0.0,0,28.092395396654517,7.674402006734785,mild,2026,4,1,0,1,40.0,60.0,49.0
snowdonia,2026-01-26,16,10.383995000901756,10.857241741608874,0,26.093223974008044,11.411705361089128,mild,2026,5,1,0,1,42.0,50.75,36.0
snowdonia,2026-02-02,46,3.7999133653861925,51.266261470328494,0,31.145844370238784,8.65988707731453,moderate,2026,6,2,0,1,16.0,37.5,41.0
snowdonia,2026-02-09,19,5.110438121114144,23.810273622144678,0,38.780585789082,5.253993966228922,moderate,2026,7,2,0,1,46.0,36.0,26.0
snowdonia,2026-02-16,41,3.3134718913261523,43.57481926572655,0,23.83706911807892,7.954629449348707,mild,2026,8,2,0,1,19.0,30.75,41.0
snowdonia,2026-02-23,27,-0.4901606106622123,18.565973462765115,1,26.46385258386356,5.7920227292566775,mild,2026,9,2,0,1,41.0,30.5,52.0
snowdonia,2026-03-02,27,3.291189856372992,16.99829011695273,0,37.11977022991052,5.637041864142359,moderate,2026,10,3,0,1,27.0,33.25,36.0
snowdonia,2026-03-09,36,-0.2651796623240252,27.507931835696414,1,43.25146728874839,8.660579891233184,moderate,2026,11,3,0,1,27.0,28.5,44.0
snowdonia,2026-03-16,36,1.153064789822423,49.97438882139447,0,8.92807652670312,7.913732820718185,mild,2026,12,3,0,1,36.0,32.75,34.0
snowdonia,2026-03-23,17,9.99005671121905,42.64693012805345,0,30.67913169169336,9.096256759284392,moderate,2026,13,3,0,1,36.0,31.5,41.0
snowdonia,2026-03-30,57,5.582420973257382,0.0506661422028074,0,13.176735182089732,8.420582582172294,mild,2026,14,3,1,1,17.0,29.0,35.0
snowdonia,2026-04-06,31,5.140493752409961,86.24050524439829,0,26.84825610114776,4.130938528573764,severe,2026,15,4,1,0,57.0,36.5,37.0
snowdonia,2026-04-13,32,2.927944332624012,5.006479607388492,0,27.65874462717088,7.623231745471234,mild,2026,16,4,0,0,31.0,35.25,43.0
snowdonia,2026-04-20,39,6.302149160872409,81.57758078059477,0,41.98519836516694,7.659223153287778,severe,2026,17,4,0,0,32.0,34.25,39.0
snowdonia,2026-04-27,27,-0.5387746699074238,72.34563160984517,1,35.55360228508575,8.61878314031389,moderate,2026,18,4,0,0,39.0,39.75,30.0
snowdonia,2026-05-04,23,11.925918997232463,36.7034380707792,0,50.08755386185139,6.081144493716265,severe,2026,19,5,1,0,27.0,32.25,54.0
snowdonia,2026-05-11,37,10.996891708803416,26.25304611173297,0,20.697353127299493,11.032737293450673,mild,2026,20,5,0,0,23.0,30.25,11.0
snowdonia,2026-05-18,36,6.9564007079966,76.79845210265596,0,32.36955388719246,7.790083687999655,moderate,2026,21,5,0,0,37.0,31.5,16.0
snowdonia,2026-05-25,42,13.45540129973076,55.26682350696199,0,12.192618924365295,6.39351981609659,moderate,2026,22,5,1,0,36.0,30.75,45.0
snowdonia,2026-06-01,35,10.204766914806775,67.91018212725017,0,14.329417497645618,6.551314961183598,moderate,2026,23,6,0,0,42.0,34.5,32.0
snowdonia,2026-06-08,31,5.673114603191014,52.6906081177155,0,16.240864113984486,6.743257783761043,moderate,2026,24,6,0,0,35.0,37.5,28.0
snowdonia,2026-06-15,28,5.085558058961889,75.43066519523839,0,38.091213109902434,7.708379083822368,moderate,2026,25,6,0,0,31.0,36.0,42.0
snowdonia,2026-06-22,7,6.431840816517074,62.79848624078227,0,21.83424892544425,5.7063358356651195,moderate,2026,26,6,0,0,28.0,34.0,26.0
snowdonia,2026-06-29,18,4.239115164297132,47.30373672057087,0,18.365262002077287,8.324119118125749,mild,2026,27,6,0,0,7.0,25.25,25.0
snowdonia,2026-07-06,39,10.918862695134834,28.258033984035166,0,30.251287112160327,7.560128409467329,moderate,2026,28,7,0,0,18.0,21.0,36.0
snowdonia,2026-07-13,13,9.366034742147212,59.74122463792824,0,15.464007200683692,5.475221402285669,moderate,2026,29,7,0,0,39.0,23.0,26.0
snowdonia,2026-07-20,25,8.11769430233989,80.57561839491018,0,7.85812628956997,8.69145315960316,severe,2026,30,7,0,0,13.0,19.25,38.0
snowdonia,2026-07-27,29,12.758488021150573,56.939482475875735,0,35.50202496026441,6.593861838204395,moderate,2026,31,7,0,0,25.0,23.75,35.0
snowdonia,2026-08-03,16,7.522535202892493,27.58172963383697,0,6.55656691581126,9.88553160245055,mild,2026,32,8,0,0,29.0,26.5,30.0
snowdonia,2026-08-10,22,4.060020289102233,50.88944309993139,0,16.13557746729807,5.180060593832248,moderate,2026,33,8,0,0,16.0,20.75,13.0
snowdonia,2026-08-17,26,7.304649199621535,45.40845611728707,0,33.779709979946986,8.905076837959184,moderate,2026,34,8,0,0,22.0,23.0,27.0
snowdonia,2026-08-24,43,9.283398585298428,64.77201581856887,0,45.77768204931886,5.864812461910228,severe,2026,35,8,0,0,26.0,23.25,51.0
snowdonia,2026-08-31,51,7.780260535188329,82.65379641039176,0,42.64539809338037,5.156472701310854,severe,2026,36,8,1,0,43.0,26.75,24.0
snowdonia,2026-09-07,22,6.750578233376521,87.16242191734521,0,35.08079105199065,8.390526062959545,severe,2026,37,9,0,0,51.0,35.5,16.0
snowdonia,2026-09-14,18,7.129261226261373,52.32398148584509,0,32.88219063090324,7.495251750031034,moderate,2026,38,9,0,0,22.0,35.5,36.0
snowdonia,2026-09-21,31,7.829685515822224,61.571974122300745,0,23.219284715065008,9.064258747762876,moderate,2026,39,9,0,0,18.0,33.5,30.0
snowdonia,2026-09-28,23,19.65697859366168,24.460267213478488,0,33.2401252418998,6.4796198227621895,moderate,2026,40,9,0,0,31.0,30.5,49.0
snowdonia,2026-10-05,25,10.309610310077,60.931149466557216,0,37.61854774042463,10.35101315301756,moderate,2026,41,10,0,0,23.0,23.5,42.0
snowdonia,2026-10-12,8,8.769684471072726,82.64104576828356,0,6.557021062113225,11.180904595832049,severe,2026,42,10,0,0,25.0,24.25,34.0
snowdonia,2026-10-19,37,9.50024860756936,81.55686711490364,0,17.801242551584785,6.338460236789329,severe,2026,43,10,0,0,8.0,21.75,36.0
snowdonia,2026-10-26,36,8.583753176579096,59.659242213250735,0,32.83068588009989,10.169030321859932,moderate,2026,44,10,0,0,37.0,23.25,21.0
snowdonia,2026-11-02,50,0.9391187387886032,79.47638143434618,0,30.082819099579275,7.592436277750904,moderate,2026,45,11,0,0,36.0,26.5,50.0
snowdonia,2026-11-09,25,2.1155390624604387,70.0609733675373,0,5.858921489689628,9.296788022477426,moderate,2026,46,11,0,0,50.0,32.75,23.0
snowdonia,2026-11-16,26,2.0315766581080323,61.06915825234948,0,28.8083116267208,10.339076294587768,moderate,2026,47,11,0,0,25.0,37.0,23.0
snowdonia,2026-11-23,26,7.285379323944439,46.11722877708668,0,24.933973040287974,10.545765537509329,mild,2026,48,11,0,0,26.0,34.25,39.0
snowdonia,2026-11-30,37,10.145187876723575,52.287400369536776,0,27.635535800354862,4.8656458188291065,moderate,2026,49,11,0,0,26.0,31.75,45.0
snowdonia,2026-12-07,17,3.553896803406164,4.803685846090687,0,37.51796465835456,8.257243184982531,moderate,2026,50,12,0,1,37.0,28.5,35.0
snowdonia,2026-12-14,40,11.54780719829569,17.997288925513885,0,28.97337908959367,11.596575401846126,mild,2026,51,12,0,1,17.0,26.5,34.0
snowdonia,2026-12-21,36,6.7655585611656575,26.07575896840201,0,32.23967428373448,8.003998712830175,moderate,2026,52,12,1,1,40.0,30.0,79.0
snowdonia,2026-12-28,43,3.127823469576629,26.026391280303404,0,29.106795972992654,4.8038952494465725,mild,2026,53,12,1,1,36.0,32.5,69.0
snowdonia,2027-01-04,23,2.540493807472328,49.00041346843664,0,27.72580587356116,4.769898218830424,mild,2027,1,1,0,1,43.0,34.0,52.0
snowdonia,2027-01-11,27,5.954127451405849,47.290500759856045,0,22.73984902299023,7.438799106323872,mild,2027,2,1,0,1,23.0,35.5,40.0
snowdonia,2027-01-18,43,-4.002677611127355,19.49179744444191,1,24.621886536428605,10.456841624560305,mild,2027,3,1,0,1,27.0,32.25,42.0
snowdonia,2027-01-25,37,-0.5580135635499026,52.80427318657517,1,24.6168379713842,8.49589512170375,moderate,2027,4,1,0,1,43.0,34.0,16.0
snowdonia,2027-02-01,28,1.4344179914247914,57.461132001854864,0,24.65188661781442,4.854943499995118,moderate,2027,5,2,0,1,37.0,32.5,46.0
snowdonia,2027-02-08,42,-3.527796125454531,29.36245012114485,1,17.50940029321947,8.820424031359103,mild,2027,6,2,0,1,28.0,33.75,19.0
snowdonia,2027-02-15,38,0.1369273405676887,87.49213100052863,0,12.622854048628682,8.407266357419603,severe,2027,7,2,0,1,42.0,37.5,41.0
snowdonia,2027-02-22,25,-2.511812094022676,30.131973192346425,1,31.41419473340544,3.3492572502514264,moderate,2027,8,2,0,1,38.0,36.25,27.0
snowdonia,2027-03-01,36,2.94730446715211,78.05814924548335,0,25.46561701631407,8.519615713611019,moderate,2027,9,3,0,1,25.0,33.25,27.0
snowdonia,2027-03-08,32,6.099686772501597,36.72092999946007,0,24.190398114685166,3.4485271925564955,mild,2027,10,3,0,1,36.0,35.25,36.0
snowdonia,2027-03-15,38,4.563962877579893,37.73663180542206,0,19.873161486118384,8.253193420555387,mild,2027,11,3,0,1,32.0,32.75,36.0
snowdonia,2027-03-22,71,-0.3347214272247254,29.431477377689486,1,36.06291156108709,5.323235177352311,moderate,2027,12,3,1,1,38.0,32.75,17.0
snowdonia,2027-03-29,60,6.189261144295034,12.046276737631928,0,23.37298591644736,11.845892388133157,mild,2027,13,3,1,1,71.0,44.25,57.0
snowdonia,2027-04-05,15,12.50941904656969,61.952079849908806,0,20.594697844987834,6.9414553866002136,moderate,2027,14,4,0,0,60.0,50.25,31.0
snowdonia,2027-04-12,27,8.293101258342785,60.75046464679196,0,29.09129070374037,7.938334971831631,moderate,2027,15,4,0,0,15.0,46.0,32.0
snowdonia,2027-04-19,42,7.142499561179544,31.160425287199743,0,24.834892578391678,9.829248107973694,mild,2027,16,4,0,0,27.0,43.25,39.0
snowdonia,2027-04-26,17,2.52666280979553,56.20888976921443,0,21.802460712291563,8.222700858796223,moderate,2027,17,4,0,0,42.0,36.0,27.0
snowdonia,2027-05-03,46,6.445467275732727,89.54787329949339,0,35.06583154190254,5.376393668445577,severe,2027,18,5,1,0,17.0,25.25,23.0
snowdonia,2027-05-10,31,10.684912046454794,44.50696287475874,0,24.230036286224664,8.627638040214244,mild,2027,19,5,0,0,46.0,33.0,37.0
snowdonia,2027-05-17,34,6.033010321079461,77.8571163264591,0,22.254899384866047,6.762106894817274,moderate,2027,20,5,0,0,31.0,34.0,36.0
snowdonia,2027-05-24,35,5.374516425807565,48.68722503289922,0,40.99191555547813,9.257592587220609,moderate,2027,21,5,0,0,34.0,32.0,42.0
snowdonia,2027-05-31,49,14.839775816048284,105.3528840779851,0,19.692829680676603,8.140838254654577,severe,2027,22,5,1,0,35.0,36.5,35.0
snowdonia,2027-06-07,36,3.295198733426268,44.44788144503466,0,23.699174897443307,5.885690251723451,mild,2027,23,6,0,0,49.0,37.25,31.0
snowdonia,2027-06-14,24,3.792450908406346,57.1143124295949,0,17.83281581613593,9.684253918275266,moderate,2027,24,6,0,0,36.0,38.5,28.0
snowdonia,2027-06-21,27,4.328985850329943,116.19137940192785,0,25.486155490356047,8.144035283834105,severe,2027,25,6,0,0,24.0,36.0,7.0
snowdonia,2027-06-28,32,2.8186352621358592,94.12183516255278,0,41.19500680802916,8.593831741472226,severe,2027,26,6,0,0,27.0,34.0,18.0
snowdonia,2027-07-05,38,2.612789804881737,64.21333755449241,0,18.78568953982745,10.924710526946722,moderate,2027,27,7,0,0,32.0,29.75,39.0
snowdonia,2027-07-12,45,11.23677892741269,61.90878076975473,0,5.636243367526777,6.033168042681939,moderate,2027,28,7,0,0,38.0,30.25,13.0
snowdonia,2027-07-19,30,10.75104452639949,84.25767383446312,0,41.091698114921314,4.815973995517089,severe,2027,29,7,0,0,45.0,35.5,25.0
snowdonia,2027-07-26,25,9.206209227251616,80.31030432965859,0,13.416644344177548,7.984190969253527,severe,2027,30,7,0,0,30.0,36.25,29.0
snowdonia,2027-08-02,37,9.095369593233825,53.9847083030653,0,11.478381445987983,7.348603779852542,moderate,2027,31,8,0,0,25.0,34.5,16.0
snowdonia,2027-08-09,26,6.690778278979904,57.038551909044926,0,24.365285745749304,7.113975693517064,moderate,2027,32,8,0,0,37.0,34.25,22.0
snowdonia,2027-08-16,37,7.84117487061209,68.84909209939423,0,26.955732371433328,7.180702143263997,moderate,2027,33,8,0,0,26.0,29.5,26.0
snowdonia,2027-08-23,27,8.369416153017832,21.581681482096368,0,34.77035127226458,7.998873805754083,moderate,2027,34,8,0,0,37.0,31.25,43.0
snowdonia,2027-08-30,45,8.158774106390247,79.21468615188928,0,10.47184469951752,4.052332260282073,moderate,2027,35,8,1,0,27.0,31.75,51.0
snowdonia,2027-09-06,23,9.09521538129408,59.857662897429684,0,31.701769431919324,7.0757458496551076,moderate,2027,36,9,0,0,45.0,33.75,22.0
snowdonia,2027-09-13,21,10.657414696959725,78.6527768598224,0,34.83982293951527,7.478343083190834,moderate,2027,37,9,0,0,23.0,33.0,18.0
snowdonia,2027-09-20,24,-0.4307575504576117,75.38472416074256,1,42.21728666217593,9.28911682396796,moderate,2027,38,9,0,0,21.0,29.0,31.0
snowdonia,2027-09-27,31,4.481430290529974,73.47588787335516,0,38.60529707961445,11.117632495598173,moderate,2027,39,9,0,0,24.0,28.25,23.0
snowdonia,2027-10-04,37,4.495560303088169,55.47090830911724,0,37.47272051143455,8.114820142876315,moderate,2027,40,10,0,0,31.0,24.75,25.0
snowdonia,2027-10-11,22,3.530689591794901,68.29232570053406,0,35.78661633815167,8.175925792662005,moderate,2027,41,10,0,0,37.0,28.25,8.0
snowdonia,2027-10-18,32,8.878339708719777,54.825881966285394,0,44.7827893571606,6.198615632574647,moderate,2027,42,10,0,0,22.0,28.5,37.0
snowdonia,2027-10-25,50,5.6507169489448845,60.21971027055052,0,38.789540277008925,5.005253659810927,moderate,2027,43,10,0,0,32.0,30.5,36.0
snowdonia,2027-11-01,32,2.758813000938243,19.245429845305644,0,30.326952252532703,5.763388365586913,moderate,2027,44,11,0,0,50.0,35.25,50.0
snowdonia,2027-11-08,34,6.461799559928333,73.22756379783416,0,23.58457279217153,8.46256404548673,moderate,2027,45,11,0,0,32.0,34.0,25.0
snowdonia,2027-11-15,28,6.802648368993112,73.44228630192872,0,34.75128067348009,6.616132607650779,moderate,2027,46,11,0,0,34.0,37.0,26.0
snowdonia,2027-11-22,30,7.32539298639819,80.8748679544099,0,33.93376870254097,5.2060758844977375,severe,2027,47,11,0,0,28.0,36.0,26.0
snowdonia,2027-11-29,61,10.62247224468553,38.30778755127524,0,44.12513069961006,10.04819767968205,moderate,2027,48,11,0,0,30.0,31.0,37.0
snowdonia,2027-12-06,31,3.1595419036736034,43.14465686872387,0,27.9096774397258,9.357047902800057,mild,2027,49,12,0,1,61.0,38.25,17.0
snowdonia,2027-12-13,25,0.5168873221517534,44.71139741279788,0,38.71934366519452,6.876386912948821,moderate,2027,50,12,0,1,31.0,37.5,40.0
snowdonia,2027-12-20,21,-0.46477095996277823,16.11269038551082,1,19.35527253873828,4.343209377116995,mild,2027,51,12,0,1,25.0,36.75,36.0
snowdonia,2027-12-27,57,4.919315156062119,76.17829084165541,0,44.25328943470306,4.747831022746967,moderate,2027,52,12,1,1,21.0,34.5,43.0
snowdonia,2028-01-03,45,4.8994186862248,68.44212699847112,0,25.43190019261336,8.202894861300098,moderate,2028,1,1,1,1,57.0,33.5,23.0
snowdonia,2028-01-10,48,-6.0315722032186825,45.33472335953283,1,19.364402705652825,8.39927003582303,mild,2028,2,1,0,1,45.0,37.0,27.0
snowdonia,2028-01-17,45,-4.244811688755521,50.85716448955191,1,40.2451267542669,6.433640276569665,moderate,2028,3,1,0,1,48.0,42.75,43.0
snowdonia,2028-01-24,35,-2.547690325641738,0.0,0,27.33586465924823,6.83681213143679,mild,2028,4,1,0,1,45.0,48.75,37.0
snowdonia,2028-01-31,17,-4.204077649392219,49.06037512624343,1,25.50029618135351,5.848528082709535,mild,2028,5,1,0,1,35.0,43.25,28.0
snowdonia,2028-02-07,35,-0.2182896225617883,61.42609077859231,1,36.02936943755222,7.7399478770030194,moderate,2028,6,2,0,1,17.0,36.25,42.0
snowdonia,2028-02-14,30,4.47642007385941,16.78176087226522,0,30.323701007270305,8.29464466097294,moderate,2028,7,2,0,1,35.0,33.0,38.0
snowdonia,2028-02-21,27,0.12065396600509239,48.70916671914835,0,22.19566545355549,9.019641415552236,mild,2028,8,2,0,1,30.0,29.25,25.0
snowdonia,2028-02-28,33,4.207435086125168,0.0,0,41.90305703510118,1.904734869294492,severe,2028,9,2,0,1,27.0,27.25,36.0
snowdonia,2028-03-06,44,-0.4641961022245011,60.5069606851551,1,26.827132747475595,5.067628035060916,moderate,2028,10,3,0,1,33.0,31.25,32.0
snowdonia,2028-03-13,30,-2.3749482468666825,60.53811492641239,1,10.78495469451362,10.257982201924035,moderate,2028,11,3,0,1,44.0,33.5,38.0
snowdonia,2028-03-20,24,1.7795916038308424,16.15209339115133,0,24.168849276973088,5.965551317796717,mild,2028,12,3,0,1,30.0,33.5,71.0
snowdonia,2028-03-27,30,5.464900803434114,54.648556195256766,0,12.808388661239531,7.192815762961332,moderate,2028,13,3,0,1,24.0,32.75,60.0
snowdonia,2028-04-03,38,4.547257350622892,85.8701993691874,0,16.49900881873579,11.208458209370027,severe,2028,14,4,0,0,30.0,32.0,15.0
snowdonia,2028-04-10,45,7.86682104193225,36.76131187239825,0,23.22725815990722,6.396762318463099,mild,2028,15,4,1,0,38.0,30.5,27.0
snowdonia,2028-04-17,52,2.901526391937976,61.89653719460751,0,17.720844493081565,3.6392675825236234,moderate,2028,16,4,1,0,45.0,34.25,42.0
snowdonia,2028-04-24,28,6.481294116607308,23.94287607164235,0,22.4783913193248,6.181794222793288,mild,2028,17,4,0,0,52.0,41.25,17.0
snowdonia,2028-05-01,42,4.515135711896743,100.01926203180308,0,30.564115671695703,8.490742017990664,severe,2028,18,5,1,0,28.0,40.75,46.0
snowdonia,2028-05-08,40,0.8944068146308215,46.92073732726156,0,32.15302629941512,5.950942174173987,moderate,2028,19,5,0,0,42.0,41.75,31.0
snowdonia,2028-05-15,18,11.632251374071942,35.94606828197939,0,27.13633864134824,6.827896720048883,mild,2028,20,5,0,0,40.0,40.5,34.0
snowdonia,2028-05-22,26,8.657282637527665,47.19019856289148,0,27.291063729290627,7.527739816444029,mild,2028,21,5,0,0,18.0,32.0,35.0
snowdonia,2028-05-29,41,5.062448970434796,69.70187736994225,0,32.38388374837425,7.822772109493665,moderate,2028,22,5,1,0,26.0,31.5,49.0
snowdonia,2028-06-05,32,6.278166666152168,75.93088061039994,0,27.641657561858185,7.386605424348126,moderate,2028,23,6,0,0,41.0,31.25,36.0
snowdonia,2028-06-12,39,8.418760119552504,93.931733659417,0,16.59643791978796,9.53971378611071,severe,2028,24,6,0,0,32.0,29.25,24.0
snowdonia,2028-06-19,16,0.4273153550475799,64.34546316457248,0,45.7508282760873,8.977337048934615,severe,2028,25,6,0,0,39.0,34.5,27.0
snowdonia,2028-06-26,25,8.68250031415917,48.79101062393849,0,30.31047200488554,7.495874369193287,moderate,2028,26,6,0,0,16.0,32.0,32.0
snowdonia,2028-07-03,42,4.856093568274579,54.2024876905026,0,31.9838116062644,6.465565862938719,moderate,2028,27,7,0,0,25.0,28.0,38.0
snowdonia,2028-07-10,42,4.774872717261264,32.79513124815651,0,33.90725026088896,9.09064652393412,moderate,2028,28,7,0,0,42.0,30.5,45.0
snowdonia,2028-07-17,13,8.92664177694607,79.30340985457332,0,30.87867637080728,8.784021874731513,moderate,2028,29,7,0,0,42.0,31.25,30.0
snowdonia,2028-07-24,28,9.21534970255025,58.16919961163584,0,24.691781718703528,12.428305231583822,moderate,2028,30,7,0,0,13.0,30.5,25.0
snowdonia,2028-07-31,26,6.192196080585966,46.68244577759127,0,34.34009823450107,8.50370883059001,moderate,2028,31,7,0,0,28.0,31.25,37.0
snowdonia,2028-08-07,38,2.3808338095586903,82.45356509127477,0,29.05805424649167,5.778137809568559,severe,2028,32,8,0,0,26.0,27.25,26.0
snowdonia,2028-08-14,28,12.755136457415498,72.51351143192308,0,17.354580080520858,11.554365680515447,moderate,2028,33,8,0,0,38.0,26.25,37.0
snowdonia,2028-08-21,46,10.63518947346477,59.79607768749907,0,45.9021880562178,8.318595567659282,severe,2028,34,8,0,0,28.0,30.0,27.0
snowdonia,2028-08-28,39,7.887667699583872,46.79399767956022,0,35.81850439307078,8.95320593464796,moderate,2028,35,8,1,0,46.0,34.5,45.0
snowdonia,2028-09-04,20,8.058720559558845,44.20027292264794,0,31.29929854166074,7.860402428475725,moderate,2028,36,9,0,0,39.0,37.75,23.0
snowdonia,2028-09-11,27,2.6661027250631957,30.563752973516287,0,35.651533788097694,2.796223369896622,severe,2028,37,9,0,0,20.0,33.25,21.0
snowdonia,2028-09-18,30,8.82164210784504,50.43833884492351,0,43.0824660687991,7.013063581692249,moderate,2028,38,9,0,0,27.0,33.0,24.0
snowdonia,2028-09-25,35,10.637936857007585,52.06172317524417,0,31.13748153486144,9.473673061840104,moderate,2028,39,9,0,0,30.0,29.0,31.0
snowdonia,2028-10-02,25,6.149777134701679,79.93109768996808,0,20.06302122893517,8.589185685116759,moderate,2028,40,10,0,0,35.0,28.0,37.0
snowdonia,2028-10-09,24,11.690558891151412,73.2007498358067,0,49.16444876735411,6.473121365378678,severe,2028,41,10,0,0,25.0,29.25,22.0
snowdonia,2028-10-16,25,2.4834029946056484,40.11329783009761,0,36.60442566548437,8.995845868538757,moderate,2028,42,10,0,0,24.0,28.5,32.0
snowdonia,2028-10-23,9,8.409026638589664,37.5408590178574,0,37.66867293329061,5.550590444698919,moderate,2028,43,10,0,0,25.0,27.25,50.0
snowdonia,2028-10-30,28,12.6357983295076,117.1487684627973,0,33.664511465715506,9.166216271315486,severe,2028,44,10,0,0,9.0,20.75,32.0
snowdonia,2028-11-06,32,6.0285609244177625,23.795733578263672,0,23.97280636969778,5.814209517802501,mild,2028,45,11,0,0,28.0,21.5,34.0
snowdonia,2028-11-13,44,2.2119816943399373,94.44719883991299,0,32.72862518025773,8.759375161227968,severe,2028,46,11,0,0,32.0,23.5,28.0
snowdonia,2028-11-20,31,6.763910539215002,56.542578351131276,0,39.64550682239333,7.935325762609569,moderate,2028,47,11,0,0,44.0,28.25,30.0
snowdonia,2028-11-27,29,10.122775752098933,56.07991404309968,0,26.57847109267953,5.186171668796276,moderate,2028,48,11,0,0,31.0,33.75,61.0
snowdonia,2028-12-04,37,-5.910996249468512,34.76876197867196,1,30.564966919932328,5.427739926582419,moderate,2028,49,12,0,1,29.0,34.0,31.0
snowdonia,2028-12-11,28,1.8621005398614685,41.07505125981004,0,8.43991993940621,6.169750681040997,mild,2028,50,12,0,1,37.0,35.25,25.0
snowdonia,2028-12-18,25,3.6290555749418743,47.74117458791488,0,18.463250836002395,8.31689610099947,mild,2028,51,12,0,1,28.0,31.25,21.0
snowdonia,2028-12-25,38,6.0896289014418885,55.54145917981796,0,29.047142129860653,7.064047373351415,moderate,2028,52,12,1,1,25.0,29.75,57.0
