region,week_start,mean_temp_c,precip_mm,snowfall_flag,wind_speed_kph,visibility_km,weather_severity_bin
lake_district,2024-01-01,3.2188683190177256,19.200317875190088,0,37.50451195806457,9.881129432782428,moderate
lake_district,2024-01-08,-5.804140754615346,13.956409862753638,1,31.278404031672853,7.367514815312836,moderate
lake_district,2024-01-15,1.9327953699828448,22.9391214485284,0,38.79397974862829,9.555583870857896,moderate
lake_district,2024-01-22,2.264122790244864,62.54482413936066,0,34.675093422520455,6.281415074233523,moderate
lake_district,2024-01-29,3.4750031363299954,20.822347983420023,0,38.78450301307272,7.900148178027494,moderate
lake_district,2024-02-05,1.2605505458189579,26.381409111921172,0,42.2254133867403,7.690941035862395,moderate
lake_district,2024-02-12,0.2866887113475711,32.95732899023541,0,35.32309185553349,8.730888128728157,moderate
lake_district,2024-02-19,3.6509304463839536,48.61642006015765,0,51.41647600870461,7.187169967230769,severe
lake_district,2024-02-26,-0.04897091628614936,23.724545435042444,1,36.15979422575496,10.257944585441784,moderate
lake_district,2024-03-04,1.5442101693804997,23.196870460749437,0,21.755187843087604,9.301185575649402,mild
lake_district,2024-03-11,4.97301668481377,50.8630853661039,0,23.344902927113058,8.46432264613344,moderate
lake_district,2024-03-18,2.466743236562913,44.37377193458026,0,38.7142877794819,8.447191097549364,moderate
lake_district,2024-03-25,4.71565425228758,41.35158138977783,0,32.89119398689984,9.26257645167708,moderate
lake_district,2024-04-01,2.171376720577334,53.60657567285397,0,25.296273457072047,6.722244303513316,moderate
lake_district,2024-04-08,6.899430995093265,89.89882622468792,0,21.341688843067566,9.936556709182963,severe
lake_district,2024-04-15,1.268520913536781,53.302299400284504,0,31.627530651050055,9.172444662718556,moderate
lake_district,2024-04-22,10.84490631917142,75.8669447039985,0,26.512749277515624,7.0752964146708655,moderate
lake_district,2024-04-29,11.431903525028616,56.173913502367704,0,17.24313676662078,5.733425571993038,moderate
lake_district,2024-05-06,4.322190855993554,69.94321488107528,0,31.424257360705653,9.380970708135536,moderate
lake_district,2024-05-13,6.290989414653863,63.17079382153428,0,36.25590393967337,7.381306920559523,moderate
lake_district,2024-05-20,9.827100950229646,46.761481178666976,0,26.369461534349284,7.236524212003342,mild
lake_district,2024-05-27,3.2166414176438414,69.73944961571164,0,25.305976597972762,8.024988237455375,moderate
lake_district,2024-06-03,9.922986635623635,68.93062352059889,0,36.653851089727866,7.803029030981153,moderate
lake_district,2024-06-10,6.306806751823385,58.40563578187202,0,13.1266556604197,5.105775055153826,moderate
lake_district,2024-06-17,2.7092015505823905,40.05506344797037,0,33.997742267234365,6.189041889279879,moderate
lake_district,2024-06-24,6.487349783842442,85.98456595572131,0,26.43736028938574,9.475031136934174,severe
lake_district,2024-07-01,4.265529279960492,55.8912488426474,0,20.499779450894188,7.321933848198875,moderate
lake_district,2024-07-08,11.361232549829582,25.453591536153027,0,34.344236435458576,8.475471204664556,moderate
lake_district,2024-07-15,5.623400177212822,31.078842912230908,0,30.721295077138695,6.941014581872395,moderate
lake_district,2024-07-22,8.930704845418816,60.43704291046886,0,46.01778891320916,7.521288745053951,severe
lake_district,2024-07-29,3.90601002951254,63.585512699126326,0,32.19996683971765,10.718375150480874,moderate
lake_district,2024-08-05,11.340444983658314,67.13742118299018,0,44.63302891219562,5.622473891354298,moderate
lake_district,2024-08-12,5.440993869001009,41.4684811718895,0,26.10190196844232,5.246627704887382,mild
lake_district,2024-08-19,10.540603787257616,55.55554605802453,0,15.29193705497342,5.968841837584916,moderate
lake_district,2024-08-26,9.254055389800781,76.76253135788762,0,49.967308916917865,13.82772493201466,severe
lake_district,2024-09-02,9.657637733103986,40.209237599362716,0,8.679537192686908,8.535422924687671,mild
lake_district,2024-09-09,4.748235618758696,51.692854796406294,0,23.879032009401918,7.71841822716723,moderate
lake_district,2024-09-16,12.263920923150575,63.140971348906895,0,28.413651629613117,5.928692494348377,moderate
lake_district,2024-09-23,1.3012682211825721,50.273841818533384,0,29.462174491816796,11.535859827159765,moderate
lake_district,2024-09-30,8.521098085891543,79.65479022046115,0,25.00704401460848,5.630112467165951,moderate
lake_district,2024-10-07,4.139532951070512,45.49547870928494,0,51.28469732435164,6.357226641551228,severe
lake_district,2024-10-14,11.35395681494538,41.94145643825947,0,39.315730128742445,8.769901932211726,moderate
lake_district,2024-10-21,7.373448409367638,59.18474947729132,0,23.452123045706095,8.892144402964162,moderate
lake_district,2024-10-28,6.18006607863688,35.48788472465503,0,17.22062425680381,8.34517583544424,mild
lake_district,2024-11-04,14.31636502564174,63.199832271468765,0,28.813616738901175,8.571652279205086,moderate
lake_district,2024-11-11,13.2240069668273,64.38765002727713,0,25.89072769166263,10.212577420119779,moderate
lake_district,2024-11-18,9.715025753846454,90.71511983991984,0,31.83234437221906,5.551061936559,severe
lake_district,2024-11-25,2.52736320301734,93.01855864462499,0,47.23665720783297,7.640961573434799,severe
lake_district,2024-12-02,0.467250715456049,69.22888584484404,0,18.929543179565123,6.210545962088347,moderate
lake_district,2024-12-09,4.573307178756178,32.10789754280821,0,29.948781332799285,7.673114202950975,mild
lake_district,2024-12-16,3.3502981951957342,68.14963722627434,0,30.905849069017457,9.287877586553716,moderate
lake_district,2024-12-23,-6.20068840412409,39.02563196139764,1,21.56769729707129,5.562373879152744,mild
lake_district,2024-12-30,-1.512609467715003,33.31753118598376,1,39.15902542356013,5.347214564520872,moderate
lake_district,2025-01-06,2.1225259703776698,30.31661133332843,0,26.723269056380392,10.005515650609208,mild
lake_district,2025-01-13,4.152461748015704,66.74796214885487,0,28.454943207500996,6.608114776658594,moderate
lake_district,2025-01-20,1.104564732478002,44.84993582542443,0,31.76573358453711,5.831223855533267,moderate
lake_district,2025-01-27,2.361959126511497,44.5645666027781,0,55.174740375339205,11.75368922256334,severe
lake_district,2025-02-03,-1.4129734022352802,34.252332769016476,1,15.365579981629969,6.818585972073027,mild
lake_district,2025-02-10,3.262420014361362,64.11707241776467,0,22.709161622563915,6.691707119864407,moderate
lake_district,2025-02-17,-6.5891561189546195,36.74668158910185,1,19.37585588140437,6.941121145267853,mild
lake_district,2025-02-24,-1.507443112670353,38.11474891494886,1,12.422716086433688,5.065909509218018,mild
lake_district,2025-03-03,10.516988448113192,14.25154837451938,0,19.032144215453606,11.673827056642628,mild
lake_district,2025-03-10,13.620268676961627,16.568667423493167,0,26.317510432119693,8.68311110188102,mild
lake_district,2025-03-17,8.91479057762237,20.26285843143525,0,27.547221540578903,9.554675152123489,mild
lake_district,2025-03-24,3.7390642978664745,32.47687857539802,0,28.66177035483959,5.250208383260036,mild
lake_district,2025-03-31,1.047305024101339,34.672250199820894,0,32.32169889626256,6.889345562361968,moderate
lake_district,2025-04-07,9.886154090180556,80.25431635639657,0,31.55429327668466,8.703512816798407,severe
lake_district,2025-04-14,8.212621390311469,60.00168786182828,0,22.784419664571526,8.632988523346617,moderate
lake_district,2025-04-21,7.610853606346042,101.8633661786119,0,45.73354902475242,8.771693105113002,severe
lake_district,2025-04-28,4.947771161220929,37.75177056033164,0,41.911429530888654,8.525498450294277,moderate
lake_district,2025-05-05,9.920573613566443,25.108280260516146,0,39.27438481558181,8.908840676428726,moderate
lake_district,2025-05-12,3.558277262342088,50.569503851001016,0,32.637172043565194,8.104933596712486,moderate
lake_district,2025-05-19,6.83131525678578,57.93023463868078,0,27.480226217931147,8.305125024204937,moderate
lake_district,2025-05-26,13.885967891972628,8.66683118137405,0,27.631497354903157,8.353024842744894,mild
lake_district,2025-06-02,9.183975958748398,52.561708373574206,0,12.432782175214175,8.655990967428218,moderate
lake_district,2025-06-09,14.90940085665674,29.322771901677246,0,38.638280136981884,7.342949553754212,moderate
lake_district,2025-06-16,7.754702616684611,38.94202978592102,0,26.655438276441235,10.600089189397917,mild
lake_district,2025-06-23,10.330620967950829,94.64623210819889,0,41.774118889776936,8.878173357859152,severe
lake_district,2025-06-30,14.97573810467117,68.77986317476598,0,38.27988176797059,7.406858092930583,moderate
lake_district,2025-07-07,8.266183263436819,46.05152353399446,0,39.89583934594853,5.643392753770269,moderate
lake_district,2025-07-14,11.129401369670646,56.18697884989681,0,41.71247093467319,9.50173797746252,moderate
lake_district,2025-07-21,15.282584630587206,74.61549382277289,0,14.279597443467594,7.866093654203598,moderate
lake_district,2025-07-28,3.3119712296207364,49.63440315267451,0,45.11228433276722,9.275067621795392,severe
lake_district,2025-08-04,5.204278285685015,39.72565267119202,0,30.32782092876261,5.5668797012377444,moderate
lake_district,2025-08-11,5.315438890413676,66.24018943102487,0,41.55312036106696,9.217522944448879,moderate
lake_district,2025-08-18,-1.1651580343924,66.0873345806052,1,30.72033573232578,8.827780570745386,moderate
lake_district,2025-08-25,14.464838726604828,18.735234463905144,0,24.088965748088945,9.18181264558671,mild
lake_district,2025-09-01,1.6736224021842308,89.51898096107018,0,33.683566127006586,9.693167971686808,severe
lake_district,2025-09-08,5.716225353912822,76.27527379932421,0,40.684715559890385,8.465756040274337,moderate
lake_district,2025-09-15,8.937603570794783,65.40686478563453,0,21.366547352606183,7.704942639519294,moderate
lake_district,2025-09-22,7.389909870190564,67.6678772870699,0,39.99824246910295,5.882927836043182,moderate
lake_district,2025-09-29,7.499963878721689,89.62911095317946,0,22.56411771187436,6.35549996541936,severe
lake_district,2025-10-06,8.809224767324775,76.88770380970641,0,30.11426055560659,10.657921180873979,moderate
lake_district,2025-10-13,11.427175930266108,76.83640133780123,0,35.541165013240935,12.65530620069217,moderate
lake_district,2025-10-20,7.1793532445358235,19.929554158669724,0,46.04254361517141,7.084601138086349,severe
lake_district,2025-10-27,8.431521777372133,86.19101369721054,0,13.977404589410746,5.496705571787722,severe
lake_district,2025-11-03,1.5948882515245852,44.11727419949152,0,34.39636606016994,9.048375685625542,moderate
lake_district,2025-11-10,9.105096717314215,31.74468232215267,0,6.8989656336735585,8.108707170780765,mild
lake_district,2025-11-17,6.1128958654466565,69.18771543433223,0,37.0195362622127,8.276482864117364,moderate
lake_district,2025-11-24,11.040532341503415,64.58422748230137,0,35.30064705601467,6.590653474260235,moderate
lake_district,2025-12-01,1.281554344674166,43.93552193313914,0,38.20528475417419,7.2125176555508554,moderate
lake_district,2025-12-08,4.08466902292845,34.68322416169242,0,28.824578326718697,9.659038084048145,mild
lake_district,2025-12-15,-5.972241484216624,14.070553438504781,1,15.178146025571792,3.3327677603033905,mild
lake_district,2025-12-22,-0.7130577606207069,54.988677994554806,1,27.151159336174253,8.395580163883704,moderate
lake_district,2025-12-29,6.35686998684317,66.55372264535383,0,29.308620652738604,10.707171779138795,moderate
lake_district,2026-01-05,2.3685066337364367,23.252035523450758,0,24.05599647801265,5.038926974869968,mild
lake_district,2026-01-12,-1.5525354149346096,32.83966623851142,1,38.03585019378602,11.441539662331968,moderate
lake_district,2026-01-19,-3.52872606150816,47.856549365198376,1,19.594560608424658,8.949394176926404,mild
lake_district,2026-01-26,1.4756533972490935,3.3818834830493927,0,39.282969915684845,6.789998574382538,moderate
lake_district,2026-02-02,-0.1356009534942184,18.604951774206203,1,23.457167233124444,8.855780881389835,mild
lake_district,2026-02-09,1.243022636254378,46.57324004564962,0,33.61921853928844,10.641323311056334,moderate
lake_district,2026-02-16,0.6288553965424828,10.462843663085366,0,40.67222416571983,7.33702365580549,moderate
lake_district,2026-02-23,6.458369778309508,47.66754226364941,0,28.68862469796655,8.697551788092591,mild
lake_district,2026-03-02,9.804050240505198,81.53961058107507,0,30.69381135132779,8.320381186634151,severe
lake_district,2026-03-09,6.304960629865542,23.086779344653056,0,33.33070372618255,7.948274304092287,moderate
lake_district,2026-03-16,3.255632845830214,23.332623881011884,0,14.10432506691031,3.8540331280174165,mild
lake_district,2026-03-23,-2.4695364519584313,30.826494301213337,1,27.068084133512382,11.874462324859033,mild
lake_district,2026-03-30,6.4239734796291925,20.758177673167456,0,33.47708452450957,7.18584352729935,moderate
lake_district,2026-04-06,6.86254464783962,63.70651298830764,0,36.19171116975393,7.321483032231969,moderate
lake_district,2026-04-13,12.255406130937434,37.16123547715192,0,30.063390623622684,13.195347453191665,moderate
lake_district,2026-04-20,8.892318970501101,88.66429013212345,0,30.915201781732083,9.161554190659594,severe
lake_district,2026-04-27,7.772867222429234,56.59184837671591,0,22.205176032745804,8.860602717915107,moderate
lake_district,2026-05-04,4.593851243256928,73.31170472626859,0,40.852870044459095,8.73306281447446,moderate
lake_district,2026-05-11,6.855005065777233,69.07931158617393,0,26.913269444535874,9.871094250930298,moderate
lake_district,2026-05-18,0.6743756631395055,53.287852637627076,0,10.091880048760022,5.00987833954559,moderate
lake_district,2026-05-25,13.455448919255637,77.90369963943371,0,22.805197667152097,4.994993087918206,moderate
lake_district,2026-06-01,-3.858115351366605,49.130089841347306,1,54.204150122474026,8.869768542927295,severe
lake_district,2026-06-08,5.761710855802042,69.30160419000613,0,14.390416470055571,7.405353274604729,moderate
lake_district,2026-06-15,8.397909892062954,58.27798696357903,0,37.908061216900805,8.689290452472104,moderate
lake_district,2026-06-22,10.673304072431987,46.23255435538481,0,38.97815408410548,11.257873895247982,moderate
lake_district,2026-06-29,4.119401921394349,42.246086885708806,0,43.35784336320233,7.61731202660988,moderate
lake_district,2026-07-06,13.615285568266227,51.149285762156325,0,44.55045576270712,8.262971633610904,moderate
lake_district,2026-07-13,9.032915293290781,91.29436043339808,0,26.382295225558288,6.117755808150084,severe
lake_district,2026-07-20,6.205743167886583,69.04667901286277,0,14.342409278194857,9.274941805302243,moderate
lake_district,2026-07-27,5.844914729529027,82.95625321467128,0,6.057396950995283,6.426868449791662,severe
lake_district,2026-08-03,1.254127395063592,43.47541067272095,0,32.47665901108943,7.64154674910049,moderate
lake_district,2026-08-10,6.9864897242079405,56.81630257239878,0,32.03388240619943,5.982927916113784,moderate
lake_district,2026-08-17,10.827398563596203,73.25331940770968,0,33.85037937656101,9.113066885502526,moderate
lake_district,2026-08-24,9.185672003234638,100.70146605462135,0,29.1290582894749,7.385833563330847,severe
lake_district,2026-08-31,4.985889678570489,39.35474658844326,0,17.555282123989247,6.222405373538163,mild
lake_district,2026-09-07,7.717278473391715,66.6859025699543,0,30.511420585521616,6.468929445140574,moderate
lake_district,2026-09-14,11.600738256079854,74.78825344601896,0,28.40351692577983,6.694167710670576,moderate
lake_district,2026-09-21,10.193711683319197,63.75947174972209,0,15.518727405849525,7.864039488031191,moderate
lake_district,2026-09-28,9.048143248297524,42.006104270244926,0,31.89843392837443,5.090355029484422,moderate
lake_district,2026-10-05,13.344744400048683,84.95899970118863,0,27.474826656970354,8.726908675678146,severe
lake_district,2026-10-12,-1.6396878631994998,36.873046794693344,1,27.062210798478702,5.855733957146281,mild
lake_district,2026-10-19,10.857585930522635,99.94593061495988,0,18.23385280570698,6.325073191829615,severe
lake_district,2026-10-26,8.941793473239722,92.22232296999242,0,17.776256874600968,8.498072244613883,severe
lake_district,2026-11-02,15.285195403252434,26.964817036414658,0,17.18930793154168,7.152786787078323,mild
lake_district,2026-11-09,5.917646348578356,76.25202575507289,0,32.41659719820838,4.450075880715744,moderate
lake_district,2026-11-16,10.061641611603243,48.44922225288699,0,42.74447216941239,6.74482492712616,moderate
lake_district,2026-11-23,5.453538867591057,70.82263221609062,0,37.62926482336937,8.896198727872408,moderate
lake_district,2026-11-30,1.257610730460767,70.76068879856501,0,19.65691948325601,8.470552223176528,moderate
lake_district,2026-12-07,-3.6949377415962408,48.92644295086127,1,21.934010956926272,5.434730699478957,mild
lake_district,2026-12-14,4.855280545929598,44.83289043353503,0,23.860231986071028,10.902357698042128,mild
lake_district,2026-12-21,0.23739031372103025,40.642153479418695,0,32.68913447678601,6.760668131742773,moderate
lake_district,2026-12-28,3.8845451735997174,29.33095305670551,0,25.883616777837908,10.725285279606682,mild
lake_district,2027-01-04,-2.1623442100497323,0.0,0,46.109369950118946,13.098655905214006,severe
lake_district,2027-01-11,0.37892293820267264,1.263239187596298,0,26.895160238040564,7.427554100318662,mild
lake_district,2027-01-18,1.240304635910972,17.732239161563037,0,35.79561142476477,9.049014750572173,moderate
lake_district,2027-01-25,-3.977622479277226,53.98393463389776,1,50.52684981945891,8.343920664874119,severe
lake_district,2027-02-01,0.6506993517259758,37.15993571184957,0,36.15256766968561,4.538656788985564,moderate
lake_district,2027-02-08,2.6575628119092087,32.1907210107438,0,48.47825012956045,7.651654532390085,severe
lake_district,2027-02-15,8.671550444478079,17.925186044359855,0,35.87259166802792,8.638800527582458,moderate
lake_district,2027-02-22,-1.4761889914591295,43.54792229273881,1,42.125188368316,7.352416591426799,moderate
lake_district,2027-03-01,-4.767850596679053,39.64874347045108,1,20.975769052074874,7.3153181226722355,mild
lake_district,2027-03-08,1.673648921259516,5.886955679689656,0,13.84341660679322,8.96413367105105,mild
lake_district,2027-03-15,-0.09087478467872145,0.0,0,37.84844036608135,8.54473951054848,moderate
lake_district,2027-03-22,-0.8554992961459358,13.66339577883517,1,38.35807896314337,8.698701245120859,moderate
lake_district,2027-03-29,11.530409130736293,48.403771974498746,0,33.87703141262015,7.66614413978287,moderate
lake_district,2027-04-05,11.267103468803164,72.50170402496308,0,42.51725008565195,6.95735416272543,moderate
lake_district,2027-04-12,6.258370108224151,50.4179365817604,0,37.90801721178989,10.996748880593465,moderate
lake_district,2027-04-19,6.164638027402797,51.504525444138174,0,33.14077223869799,7.508476999974198,moderate
lake_district,2027-04-26,11.80821461255956,14.964454187619069,0,21.732949530831053,6.435167332077109,mild
lake_district,2027-05-03,-1.2814240495445794,40.72723111262392,1,20.84843884154074,7.59779069096234,mild
lake_district,2027-05-10,12.451863566641055,55.098786976185956,0,19.69186279728846,7.886090917572942,moderate
lake_district,2027-05-17,12.196694485765398,40.480823677701906,0,20.894251160785515,9.117097918548447,mild
lake_district,2027-05-24,7.113855537076798,72.94969381418949,0,29.863532082047033,9.403327296179134,moderate
lake_district,2027-05-31,3.8596875438374365,59.75830698423465,0,27.89309985636843,5.568218151791738,moderate
lake_district,2027-06-07,1.7460882085252463,73.71498070549323,0,26.49047617782022,5.9554394367053405,moderate
lake_district,2027-06-14,7.615284252306671,82.56037714698606,0,7.192621546280769,5.006722620193347,severe
lake_district,2027-06-21,4.30845423241893,89.22357733440657,0,32.82586982919297,9.534634480922454,severe
lake_district,2027-06-28,3.439356323495078,37.60928249458948,0,34.4781371672271,8.116548661870894,moderate
lake_district,2027-07-05,10.194955275456506,56.24658018143096,0,32.78143726454627,8.316238169810218,moderate
lake_district,2027-07-12,11.111069556339702,76.14016563888941,0,13.801280056082302,3.505462889318289,moderate
lake_district,2027-07-19,12.006981590606028,83.75450186523872,0,19.793769804866628,4.280329186908743,severe
lake_district,2027-07-26,8.396139284028804,78.61676452701059,0,47.97594522434315,9.032595144202903,severe
lake_district,2027-08-02,6.51313321365722,42.13738756830274,0,30.114512916706545,7.401470592229487,moderate
lake_district,2027-08-09,3.9397283770847356,100.97511301726573,0,47.85168402072131,10.272097367110856,severe
lake_district,2027-08-16,4.31659840876349,77.10038648594558,0,36.39626409497902,8.885091248408106,moderate
lake_district,2027-08-23,12.998661068175108,72.70742285722555,0,37.40014236304336,9.27381256674442,moderate
lake_district,2027-08-30,9.363165632008423,24.327777405716333,0,30.836210774105574,6.88761608230175,moderate
lake_district,2027-09-06,2.880636169439918,93.63633238601648,0,47.28995340885703,10.718441200591224,severe
lake_district,2027-09-13,9.020853667423498,87.01250241905313,0,30.120531806018256,8.40559455379556,severe
lake_district,2027-09-20,3.626114518152068,67.9398260899768,0,30.60385928424417,5.394695766331071,moderate
lake_district,2027-09-27,7.795211552733613,58.40540872286383,0,47.9756116664464,9.788426657026818,severe
lake_district,2027-10-04,8.045781756365864,64.97574619602166,0,30.442123781041982,7.594172030408904,moderate
lake_district,2027-10-11,3.6702912104468526,56.97896244786141,0,22.539017433474868,5.499368922153707,moderate
lake_district,2027-10-18,10.044887258190139,67.8252931986647,0,12.13292488631922,7.754630725009745,moderate
lake_district,2027-10-25,11.982805543599694,81.18447477792643,0,40.258368428852386,8.077826413802919,severe
lake_district,2027-11-01,4.619818688123395,38.32602345283879,0,33.44604904750358,8.758560068730326,moderate
lake_district,2027-11-08,13.149324446420263,81.99959300684168,0,28.67771343468828,5.511588242278261,severe
lake_district,2027-11-15,6.723573611956409,64.34462389621049,0,27.97916754610596,6.844211783844688,moderate
lake_district,2027-11-22,9.011539259879596,49.92084517178779,0,23.71933916274626,8.62290566860688,mild
lake_district,2027-11-29,6.392029679483181,64.88208777956704,0,32.73204022852123,5.721141997816851,moderate
lake_district,2027-12-06,0.07503550453835128,68.75553879832924,0,18.379204872657127,3.766691102058938,moderate
lake_district,2027-12-13,-5.447380612970046,40.582198931533384,1,30.30917278032699,7.764778289149758,moderate
lake_district,2027-12-20,6.856759315714006,0.0,0,33.95933874430823,11.122876403607147,moderate
lake_district,2027-12-27,-2.511123059566856,32.4038697642021,1,22.47108082771379,6.211307907844942,mild
lake_district,2028-01-03,0.6949519799078401,68.54970567369008,0,48.3738667548752,7.328121549919705,severe
lake_district,2028-01-10,9.62024085625788,40.7115295396925,0,47.53691026701081,7.8134027006930165,severe
lake_district,2028-01-17,2.5242313041845774,47.30948945285669,0,61.78853679367535,9.702571149689579,severe
lake_district,2028-01-24,-0.8290581198058544,59.37995740551716,1,26.381674629156585,7.020499634197582,moderate
lake_district,2028-01-31,5.634405439568445,40.62171175542306,0,32.785759145118064,8.027970443730585,moderate
lake_district,2028-02-07,3.3463325064217386,48.49931794872298,0,10.630330672945846,9.333145337219067,mild
lake_district,2028-02-14,-1.9280776793212024,11.154017288811776,1,29.415887561413175,8.167962006628908,mild
lake_district,2028-02-21,-0.774024658289123,56.62063715335949,1,16.57824833629093,7.186112502454882,moderate
lake_district,2028-02-28,-0.33949653973200267,39.06825459321321,1,32.788642846472385,5.984214100752911,moderate
lake_district,2028-03-06,4.897130709824912,41.260047366693996,0,11.080537466880894,4.082817119205938,mild
lake_district,2028-03-13,1.9507228282827551,35.58065364427292,0,28.965798864253664,7.944035086939564,mild
lake_district,2028-03-20,2.902239358040723,58.952992196965994,0,18.88895099082442,5.65605681419841,moderate
lake_district,2028-03-27,-2.37329543154953,45.778333343374136,1,42.44947378646445,7.137321123520979,moderate
lake_district,2028-04-03,-2.006799376638618,25.92014274779249,1,21.669632772039883,6.884542225009571,mild
lake_district,2028-04-10,6.366445490981095,60.77162245961834,0,26.882536691775528,10.098679221086815,moderate
lake_district,2028-04-17,5.295930777274525,42.75364081048914,0,34.78875538520462,4.928715860147761,moderate
lake_district,2028-04-24,9.55876682128001,62.05106367452534,0,28.525575100818326,11.176552214298525,moderate
lake_district,2028-05-01,5.511170218821128,101.20596341048156,0,27.745685507719006,5.445967110059543,severe
lake_district,2028-05-08,8.2796783239793,38.475095993624635,0,22.482441521865,8.794066600030982,mild
lake_district,2028-05-15,10.2223283546005,47.55664599491484,0,39.87405145046401,10.315015516042267,moderate
lake_district,2028-05-22,13.745207026253164,70.58826814251444,0,43.63428712085699,4.238403144051885,moderate
lake_district,2028-05-29,6.72837380548615,42.65989487353147,0,31.19225861127392,6.857101561606525,moderate
lake_district,2028-06-05,7.335368632201071,97.64349760408099,0,28.302802035796216,8.827584634380427,severe
lake_district,2028-06-12,7.07092268030306,61.51426575913668,0,30.060166804360716,8.89664813194632,moderate
lake_district,2028-06-19,12.661230142188707,92.94787995206659,0,33.09620081909167,9.179093772071205,severe
lake_district,2028-06-26,3.3965419632577323,58.24246515168759,0,39.40289464883589,9.731937276834307,moderate
lake_district,2028-07-03,8.8464389311802,77.72787919135905,0,34.90766708993819,10.400612516518644,moderate
lake_district,2028-07-10,9.157436627828444,52.8860336885793,0,33.358412569330234,2.1388112482944486,severe
lake_district,2028-07-17,9.531542945540197,0.0,0,12.765365925945819,8.903537201881969,mild
lake_district,2028-07-24,9.910117349067182,36.75142439720139,0,22.87897958121061,10.741081977228264,mild
lake_district,2028-07-31,6.063879473709296,104.85840624805971,0,29.98080146823654,8.816072353762534,severe
lake_district,2028-08-07,14.46749759399443,62.62054232386839,0,19.976560193091988,7.780545096611419,moderate
lake_district,2028-08-14,7.857557055239636,32.70516695596869,0,27.441679286591768,6.515615812005127,mild
lake_district,2028-08-21,11.697431028749737,60.692237483705114,0,27.1720425085243,7.787636138754848,moderate
lake_district,2028-08-28,8.892488073624664,72.3362839937956,0,20.002877713306187,5.916824734757457,moderate
lake_district,2028-09-04,12.41871686161012,51.75326255590539,0,15.831579074031259,8.88762541876621,moderate
lake_district,2028-09-11,9.853479224130748,29.38569485486587,0,32.294817154636064,9.471166184856747,moderate
lake_district,2028-09-18,9.497545806825052,72.63962967522791,0,15.95730901909251,8.66208030999239,moderate
lake_district,2028-09-25,6.789520962118214,50.344196825507105,0,38.70555609419726,10.95854902134846,moderate
lake_district,2028-10-02,15.177480218401435,86.2961574301181,0,28.902658183698165,8.705440326052686,severe
lake_district,2028-10-09,11.067291487136975,62.42355898598924,0,31.307641879115444,9.647506263752364,moderate
lake_district,2028-10-16,7.762869415896271,45.41426127252677,0,25.855269341641414,9.267820755467485,mild
lake_district,2028-10-23,8.011973164799823,66.80419953736676,0,36.7007924220219,7.250317074204781,moderate
lake_district,2028-10-30,11.024992654519224,67.57685206916788,0,17.651869130885213,10.884609582372489,moderate
lake_district,2028-11-06,5.9970210249723355,26.898093136296325,0,19.549562904136977,5.957909678643356,mild
lake_district,2028-11-13,8.208693274630134,54.522989889075255,0,26.631680323594072,9.239403930964958,moderate
lake_district,2028-11-20,9.359501444770816,66.32095741288572,0,34.098284573286925,9.232269336004476,moderate
lake_district,2028-11-27,-0.4318133671097719,52.711234954710775,1,8.19789935510526,8.072119853595591,moderate
lake_district,2028-12-04,1.9814681111026187,60.9106454957936,0,41.87634392721121,8.405550096504735,moderate
lake_district,2028-12-11,-0.001444309587599335,49.703222250914756,1,24.720823626756864,7.997214697113302,mild
lake_district,2028-12-18,5.944545267843071,28.84457308021153,0,38.05678639242501,9.354802737384604,moderate
lake_district,2028-12-25,-1.819167268523286,59.47788256434802,1,36.98566345371505,8.203851774745315,moderate
snowdonia,2024-01-01,-1.049293832110609,22.8158796284886,1,24.623374230969777,9.08518892658392,mild
snowdonia,2024-01-08,-1.8225006696055916,48.7502449723974,1,17.582444711216073,7.591862831122302,mild
snowdonia,2024-01-15,2.4385910182960346,88.90260290117834,0,16.226843444796327,10.944029132980267,severe
snowdonia,2024-01-22,2.59936965594912,48.223438360319264,0,31.183479133882045,8.889453636390465,moderate
snowdonia,2024-01-29,1.385259582551929,69.08100362914917,0,25.435288557752777,10.264469144358495,moderate
snowdonia,2024-02-05,-0.5774684808520916,38.79496307197426,1,19.28037447709781,8.91004744069504,mild
snowdonia,2024-02-12,7.780503827706135,38.45287640358292,0,28.031143012960904,5.770766073864147,mild
snowdonia,2024-02-19,1.0828293857907676,8.144114805569448,0,20.87122013281173,8.453572092218272,mild
snowdonia,2024-02-26,7.2760527909655845,96.18421722459006,0,24.13414914929099,10.870600313290879,severe
snowdonia,2024-03-04,2.9750099216065915,36.97504706507248,0,34.32594451726152,8.123832967359919,moderate
snowdonia,2024-03-11,2.441582902448874,31.833336743466617,0,16.018903402011492,4.912749594955837,mild
snowdonia,2024-03-18,4.612979533124908,34.46599819828573,0,24.039111003438336,8.017011253446308,mild
snowdonia,2024-03-25,5.17972901166251,43.60727886052796,0,23.439450633590326,10.452585911297898,mild
snowdonia,2024-04-01,14.316742011926529,69.89113310645706,0,39.7366351134409,10.483919993627623,moderate
snowdonia,2024-04-08,12.520397265618055,72.28198354225248,0,35.98347047074883,9.039321146693005,moderate
snowdonia,2024-04-15,3.6106493018118258,74.01446313719171,0,16.44186028873446,6.41080108974989,moderate
snowdonia,2024-04-22,13.21426027123235,76.80440325388395,0,44.87398289685863,7.456651232625416,moderate
snowdonia,2024-04-29,3.39100463489293,55.19125605859314,0,31.02031297240574,8.157977432680019,moderate
snowdonia,2024-05-06,12.534721915026807,52.77459149993109,0,33.52034471802924,6.022745701130788,moderate
snowdonia,2024-05-13,9.801269112175252,60.062171003712734,0,22.501866617154825,7.528341275650295,moderate
snowdonia,2024-05-20,7.2632970139391135,54.59689741325808,0,47.71341242267684,7.803107995384241,severe
snowdonia,2024-05-27,7.024415559290649,18.050980847797163,0,21.057926480205225,7.473853151087294,mild
snowdonia,2024-06-03,5.256589295293429,87.63415186755594,0,28.350622246037815,10.576888498636505,severe
snowdonia,2024-06-10,8.246818536201472,60.74455672843153,0,29.11203552287499,8.007592503242918,moderate
snowdonia,2024-06-17,14.875180012199436,13.607785464975635,0,9.98454255561321,6.913658337887773,mild
snowdonia,2024-06-24,8.058111527750276,73.80208849528024,0,34.73087198027475,7.23150817423886,moderate
snowdonia,2024-07-01,12.07617477296705,80.60390806305462,0,31.840578312715657,9.925315144973682,severe
snowdonia,2024-07-08,9.090581053728515,48.77033946434233,0,36.97816839000005,8.221226245157355,moderate
snowdonia,2024-07-15,8.005359387017947,89.45907144379149,0,5.491278714599133,5.164631659680861,severe
snowdonia,2024-07-22,3.2517182945025196,52.734787048623886,0,27.453918302339698,4.985348704453905,moderate
snowdonia,2024-07-29,4.059367870756695,42.78316642952859,0,54.57424092075892,11.603483895494293,severe
snowdonia,2024-08-05,6.353002329261403,52.72833419386402,0,18.507960028117058,4.1837391735494665,moderate
snowdonia,2024-08-12,7.532479254365904,40.04296033511949,0,29.1514946833799,4.799588301913046,mild
snowdonia,2024-08-19,4.952102166758969,62.97254190605662,0,33.66209597783937,8.83494391748403,moderate
snowdonia,2024-08-26,2.718044063371851,77.09371460271123,0,21.997883033981495,9.265715829214614,moderate
snowdonia,2024-09-02,7.957445293527227,32.472250018441045,0,26.83802295418812,8.730727484127534,mild
snowdonia,2024-09-09,10.451861521898396,57.18024205111163,0,45.31778890601053,10.015021541973118,severe
snowdonia,2024-09-16,6.9733835344009885,75.0024362427389,0,49.33793485188187,11.920969201566054,severe
snowdonia,2024-09-23,3.08800047671001,41.46933777685699,0,44.84918786733851,5.8834378983247255,moderate
snowdonia,2024-09-30,2.709835466833284,50.27611738601907,0,34.20226709474586,7.795206586777807,moderate
snowdonia,2024-10-07,5.397745518377631,46.51575076550982,0,22.876629355872915,6.240980742682115,mild
snowdonia,2024-10-14,17.126531509104247,65.9502214237111,0,38.86759054404739,7.021845063762153,moderate
snowdonia,2024-10-21,7.256173291255805,45.7289203725929,0,3.4829166508079794,5.243981446304268,mild
snowdonia,2024-10-28,0.7575252800784211,15.00432444096785,0,18.046410257018973,10.649911358763262,mild
snowdonia,2024-11-04,7.822255329182583,85.81127524642348,0,34.10982576900875,9.565117651430318,severe
snowdonia,2024-11-11,4.3964120187816995,70.47901908385342,0,37.28714234074346,6.846705415532615,moderate
snowdonia,2024-11-18,10.238161482464665,71.32375517149666,0,24.504473788699173,5.7544631354580105,moderate
snowdonia,2024-11-25,3.263486672406911,61.73011083842923,0,33.270098687893146,6.414948339084171,moderate
snowdonia,2024-12-02,2.1063413653043948,51.41074072276971,0,36.18190714665301,11.103760240244977,moderate
snowdonia,2024-12-09,7.1079233287921735,19.97417134486912,0,46.83586209538022,6.93804699088857,severe
snowdonia,2024-12-16,6.17949124981771,41.359732521021776,0,25.878506215430324,4.384606280450134,mild
snowdonia,2024-12-23,1.3137419591346071,8.81233529388782,0,39.67299235842772,11.033585314278497,moderate
snowdonia,2024-12-30,-1.187643957186761,46.03941485038543,1,22.746084779920245,6.743030539726421,mild
snowdonia,2025-01-06,5.097978815461485,39.22923476313175,0,47.396480419310116,7.035535042594158,severe
snowdonia,2025-01-13,5.997345329897957,41.94826825915564,0,37.95778009744233,7.1056846853401066,moderate
snowdonia,2025-01-20,1.8017646497936692,37.69002241402131,0,21.639428851542128,9.324163069163506,mild
snowdonia,2025-01-27,4.600996022313456,51.87109389811133,0,45.36965653917645,10.898689602472608,severe
snowdonia,2025-02-03,0.5002212406034585,47.46104636868357,0,23.763993107417875,8.04671063222911,mild
snowdonia,2025-02-10,-0.39899779647545897,72.40140618272102,1,33.63698150342963,7.563941743791156,moderate
snowdonia,2025-02-17,6.774474287425508,0.0,0,9.858974051347104,9.591677310439549,mild
snowdonia,2025-02-24,2.2418737924694723,45.008926005215216,0,16.73603896681451,7.953532578299267,mild
snowdonia,2025-03-03,10.014037641605368,56.483992395917255,0,31.69706545142812,7.121892179790125,moderate
snowdonia,2025-03-10,0.42170859252242465,0.0,0,32.5764042092116,9.690966216963709,moderate
snowdonia,2025-03-17,-4.302477308682461,26.77166215386368,1,18.42535367766578,6.069297610382473,mild
snowdonia,2025-03-24,2.213926507287601,0.0,0,36.14270438357064,9.507710139867365,moderate
snowdonia,2025-03-31,0.99558964785235,0.0,0,20.035813739976106,10.465803868205393,mild
snowdonia,2025-04-07,-3.11197712291429,53.04953175612962,1,18.19999221532741,9.609140603169672,moderate
snowdonia,2025-04-14,5.299544191426154,68.07908041471222,0,35.65460419169093,11.672451679460039,moderate
snowdonia,2025-04-21,7.188232225298519,67.52088739245222,0,15.149445208725641,10.380827126587487,moderate
snowdonia,2025-04-28,4.957964607714541,48.784916718245086,0,29.777522051507894,4.874231309320301,mild
snowdonia,2025-05-05,8.915080115715751,79.34932545850022,0,32.92933823497292,4.822204871642549,moderate
snowdonia,2025-05-12,7.504762822681362,74.84057805958982,0,11.220112340340922,5.850467972364572,moderate
snowdonia,2025-05-19,11.506174416326079,65.40190868394573,0,34.11971582126754,11.718989615246624,moderate
snowdonia,2025-05-26,9.87421111402481,73.15776020866359,0,57.10745527218326,7.572390883819018,severe
snowdonia,2025-06-02,4.80846894552602,68.55592796494265,0,34.389910293888946,6.946569216107584,moderate
snowdonia,2025-06-09,3.87041192178061,106.19688844180156,0,33.26843470388023,6.5354292371958485,severe
snowdonia,2025-06-16,11.663721209118394,57.81709696877331,0,27.471185536821686,9.124545743828987,moderate
snowdonia,2025-06-23,2.83247092707324,67.05254407834344,0,49.12954807731752,8.93235532439462,severe
snowdonia,2025-06-30,6.495151584866142,49.85789439143516,0,25.89660026654891,7.492074643904438,mild
snowdonia,2025-07-07,6.488773868966912,78.32622882149133,0,12.667908967910169,9.724000100824268,moderate
snowdonia,2025-07-14,6.481253899429755,67.53895571390744,0,18.730120897991362,10.657262133698872,moderate
snowdonia,2025-07-21,12.982539840687492,79.19181051500146,0,14.852452242064606,9.658242142132107,moderate
snowdonia,2025-07-28,9.619420350542836,27.894575057348646,0,29.757026162291844,8.729068978066525,mild
snowdonia,2025-08-04,10.224301095292603,63.545227338977114,0,32.9123141684738,10.947222784506192,moderate
snowdonia,2025-08-11,12.90413563964272,2.658900924345133,0,26.82561445162318,7.6706979449120976,mild
snowdonia,2025-08-18,0.9916057090921155,61.88366116464624,0,42.487577724105066,5.826864280818819,moderate
snowdonia,2025-08-25,9.34560375475949,41.683530454071246,0,23.28087976320323,10.95478726834007,mild
snowdonia,2025-09-01,5.8297687195527,69.2442497802125,0,11.28781883939013,11.72463512278976,moderate
snowdonia,2025-09-08,10.410609785225995,56.350003146994766,0,35.75546509999895,5.180361142104379,moderate
snowdonia,2025-09-15,12.73012296701063,53.520304490071396,0,27.959304849515654,7.016688770069031,moderate
snowdonia,2025-09-22,5.677394389017661,73.89341223256817,0,32.559068501042226,9.30349628280608,moderate
snowdonia,2025-09-29,7.964821242057714,70.26399622154362,0,25.811512560749616,12.459463682819097,moderate
snowdonia,2025-10-06,1.7282783342780057,85.21874647125969,0,43.679074507209705,6.295682388068812,severe
snowdonia,2025-10-13,16.917094442223892,79.90980565890636,0,39.711390068229115,8.056044374051753,moderate
snowdonia,2025-10-20,7.131095367125294,55.81182345920784,0,33.905305963195175,10.802372550067792,moderate
snowdonia,2025-10-27,8.725256871445678,41.771127537254195,0,38.2442706238498,9.842301492789584,moderate
snowdonia,2025-11-03,10.618638113791144,74.90997813049965,0,27.29071869842192,6.142021665738841,moderate
snowdonia,2025-11-10,4.527226277436881,27.29073503084284,0,32.369486115459495,7.833102433546813,moderate
snowdonia,2025-11-17,6.240049181881165,0.8876235130986032,0,17.52682530305831,10.241681302806334,mild
snowdonia,2025-11-24,5.341495999747476,67.21183355313683,0,16.093145700247437,10.877410964718463,moderate
snowdonia,2025-12-01,1.4238893597812945,45.800807929670704,0,53.25779791881685,11.032880201178807,severe
snowdonia,2025-12-08,0.7737375148517689,28.135596302592816,0,26.744549884804684,9.019796496953072,mild
snowdonia,2025-12-15,1.5791034629965155,32.09511709993057,0,44.67181250709042,7.771580216444327,moderate
snowdonia,2025-12-22,11.198356372149277,41.81485127504346,0,47.85318394224727,8.714638845421254,severe
snowdonia,2025-12-29,5.851842292997791,25.50777896964551,0,21.462407774125882,8.919411910029975,mild
snowdonia,2026-01-05,5.954212969861261,40.80513004000926,0,17.136066649163027,5.279483267421346,mild
snowdonia,2026-01-12,-3.7085456087449646,4.647557741212381,0,31.094853594470877,10.25008784341605,moderate
snowdonia,2026-01-19,1.946336852300765,0.0,0,28.092395396654513,7.674402006734786,mild
snowdonia,2026-01-26,10.383995000901757,10.857241741608874,0,26.093223974008044,11.411705361089128,mild
snowdonia,2026-02-02,3.7999133653861925,51.266261470328494,0,31.145844370238784,8.65988707731453,moderate
snowdonia,2026-02-09,5.110438121114144,23.810273622144674,0,38.780585789082,5.253993966228922,moderate
snowdonia,2026-02-16,3.3134718913261523,43.574819265726546,0,23.837069118078922,7.954629449348706,mild
snowdonia,2026-02-23,-0.4901606106622123,18.565973462765115,1,26.463852583863556,5.7920227292566775,mild
snowdonia,2026-03-02,3.291189856372992,16.99829011695273,0,37.119770229910515,5.637041864142359,moderate
snowdonia,2026-03-09,-0.26517966232402523,27.507931835696418,1,43.25146728874839,8.660579891233184,moderate
snowdonia,2026-03-16,1.153064789822423,49.97438882139447,0,8.92807652670312,7.913732820718185,mild
snowdonia,2026-03-23,9.99005671121905,42.64693012805345,0,30.679131691693357,9.096256759284392,moderate
snowdonia,2026-03-30,5.582420973257382,0.05066614220280741,0,13.176735182089732,8.420582582172294,mild
snowdonia,2026-04-06,5.140493752409961,86.24050524439829,0,26.84825610114776,4.130938528573765,severe
snowdonia,2026-04-13,2.927944332624012,5.006479607388492,0,27.658744627170876,7.623231745471234,mild
snowdonia,2026-04-20,6.302149160872409,81.57758078059477,0,41.98519836516694,7.659223153287778,severe
snowdonia,2026-04-27,-0.5387746699074238,72.34563160984517,1,35.55360228508575,8.61878314031389,moderate
snowdonia,2026-05-04,11.925918997232463,36.7034380707792,0,50.08755386185139,6.081144493716264,severe
snowdonia,2026-05-11,10.996891708803417,26.25304611173297,0,20.697353127299493,11.032737293450673,mild
snowdonia,2026-05-18,6.9564007079966,76.79845210265596,0,32.36955388719246,7.790083687999655,moderate
snowdonia,2026-05-25,13.45540129973076,55.26682350696199,0,12.192618924365295,6.39351981609659,moderate
snowdonia,2026-06-01,10.204766914806777,67.91018212725017,0,14.329417497645618,6.551314961183598,moderate
snowdonia,2026-06-08,5.673114603191014,52.6906081177155,0,16.240864113984486,6.743257783761043,moderate
snowdonia,2026-06-15,5.08555805896189,75.43066519523839,0,38.09121310990244,7.7083790838223685,moderate
snowdonia,2026-06-22,6.431840816517074,62.79848624078227,0,21.83424892544425,5.706335835665119,moderate
snowdonia,2026-06-29,4.239115164297132,47.30373672057087,0,18.365262002077287,8.324119118125749,mild
snowdonia,2026-07-06,10.918862695134834,28.258033984035166,0,30.251287112160334,7.560128409467329,moderate
snowdonia,2026-07-13,9.366034742147212,59.74122463792824,0,15.464007200683692,5.475221402285669,moderate
snowdonia,2026-07-20,8.11769430233989,80.57561839491018,0,7.85812628956997,8.69145315960316,severe
snowdonia,2026-07-27,12.758488021150573,56.939482475875735,0,35.50202496026441,6.593861838204395,moderate
snowdonia,2026-08-03,7.522535202892493,27.58172963383697,0,6.55656691581126,9.88553160245055,mild
snowdonia,2026-08-10,4.060020289102233,50.88944309993139,0,16.13557746729807,5.180060593832248,moderate
snowdonia,2026-08-17,7.304649199621535,45.40845611728707,0,33.779709979946986,8.905076837959184,moderate
snowdonia,2026-08-24,9.283398585298428,64.77201581856887,0,45.77768204931886,5.864812461910228,severe
snowdonia,2026-08-31,7.780260535188329,82.65379641039178,0,42.645398093380365,5.156472701310854,severe
snowdonia,2026-09-07,6.750578233376521,87.16242191734521,0,35.08079105199065,8.390526062959545,severe
snowdonia,2026-09-14,7.129261226261373,52.32398148584509,0,32.88219063090324,7.495251750031033,moderate
snowdonia,2026-09-21,7.829685515822224,61.571974122300745,0,23.219284715065008,9.064258747762876,moderate
snowdonia,2026-09-28,19.656978593661677,24.460267213478495,0,33.2401252418998,6.479619822762189,moderate
snowdonia,2026-10-05,10.309610310077,60.931149466557216,0,37.61854774042463,10.35101315301756,moderate
snowdonia,2026-10-12,8.769684471072726,82.64104576828356,0,6.557021062113225,11.180904595832047,severe
snowdonia,2026-10-19,9.500248607569361,81.55686711490364,0,17.801242551584785,6.338460236789329,severe
snowdonia,2026-10-26,8.583753176579096,59.65924221325074,0,32.83068588009989,10.169030321859932,moderate
snowdonia,2026-11-02,0.9391187387886033,79.47638143434618,0,30.08281909957927,7.592436277750904,moderate
snowdonia,2026-11-09,2.1155390624604387,70.0609733675373,0,5.858921489689628,9.296788022477426,moderate
snowdonia,2026-11-16,2.0315766581080323,61.06915825234948,0,28.808311626720794,10.339076294587768,moderate
snowdonia,2026-11-23,7.285379323944439,46.11722877708669,0,24.93397304028797,10.545765537509327,mild
snowdonia,2026-11-30,10.145187876723575,52.287400369536776,0,27.635535800354866,4.8656458188291065,moderate
snowdonia,2026-12-07,3.5538968034061638,4.803685846090687,0,37.51796465835456,8.257243184982531,moderate
snowdonia,2026-12-14,11.54780719829569,17.997288925513885,0,28.97337908959367,11.596575401846126,mild
snowdonia,2026-12-21,6.7655585611656575,26.075758968402006,0,32.23967428373448,8.003998712830175,moderate
snowdonia,2026-12-28,3.1278234695766285,26.026391280303404,0,29.106795972992654,4.8038952494465725,mild
snowdonia,2027-01-04,2.5404938074723282,49.00041346843664,0,27.72580587356116,4.769898218830424,mild
snowdonia,2027-01-11,5.954127451405849,47.290500759856045,0,22.73984902299023,7.438799106323872,mild
snowdonia,2027-01-18,-4.002677611127355,19.49179744444191,1,24.621886536428605,10.456841624560303,mild
snowdonia,2027-01-25,-0.5580135635499026,52.80427318657517,1,24.6168379713842,8.49589512170375,moderate
snowdonia,2027-02-01,1.4344179914247914,57.461132001854864,0,24.65188661781442,4.854943499995118,moderate
snowdonia,2027-02-08,-3.5277961254545307,29.362450121144853,1,17.50940029321947,8.820424031359103,mild
snowdonia,2027-02-15,0.13692734056768874,87.49213100052863,0,12.622854048628682,8.407266357419603,severe
snowdonia,2027-02-22,-2.511812094022676,30.13197319234643,1,31.41419473340544,3.3492572502514264,moderate
snowdonia,2027-03-01,2.94730446715211,78.05814924548335,0,25.46561701631407,8.519615713611019,moderate
snowdonia,2027-03-08,6.099686772501597,36.72092999946007,0,24.190398114685166,3.4485271925564955,mild
snowdonia,2027-03-15,4.563962877579893,37.73663180542206,0,19.873161486118384,8.253193420555387,mild
snowdonia,2027-03-22,-0.3347214272247254,29.43147737768949,1,36.062911561087084,5.323235177352311,moderate
snowdonia,2027-03-29,6.189261144295034,12.046276737631928,0,23.372985916447362,11.845892388133155,mild
snowdonia,2027-04-05,12.50941904656969,61.952079849908806,0,20.594697844987834,6.9414553866002136,moderate
snowdonia,2027-04-12,8.293101258342785,60.75046464679197,0,29.09129070374037,7.938334971831631,moderate
snowdonia,2027-04-19,7.142499561179544,31.160425287199743,0,24.834892578391674,9.829248107973694,mild
snowdonia,2027-04-26,2.52666280979553,56.20888976921443,0,21.802460712291563,8.222700858796223,moderate
snowdonia,2027-05-03,6.445467275732727,89.54787329949338,0,35.06583154190254,5.376393668445577,severe
snowdonia,2027-05-10,10.684912046454794,44.50696287475874,0,24.230036286224664,8.627638040214244,mild
snowdonia,2027-05-17,6.033010321079461,77.8571163264591,0,22.254899384866047,6.762106894817274,moderate
snowdonia,2027-05-24,5.374516425807565,48.68722503289922,0,40.99191555547813,9.257592587220607,moderate
snowdonia,2027-05-31,14.839775816048284,105.3528840779851,0,19.692829680676603,8.140838254654577,severe
snowdonia,2027-06-07,3.2951987334262682,44.44788144503466,0,23.699174897443307,5.885690251723451,mild
snowdonia,2027-06-14,3.7924509084063454,57.114312429594904,0,17.83281581613593,9.684253918275266,moderate
snowdonia,2027-06-21,4.328985850329943,116.19137940192785,0,25.486155490356047,8.144035283834105,severe
snowdonia,2027-06-28,2.8186352621358592,94.12183516255278,0,41.19500680802916,8.593831741472226,severe
snowdonia,2027-07-05,2.6127898048817375,64.21333755449241,0,18.78568953982745,10.924710526946722,moderate
snowdonia,2027-07-12,11.23677892741269,61.90878076975472,0,5.636243367526777,6.033168042681939,moderate
snowdonia,2027-07-19,10.75104452639949,84.25767383446312,0,41.091698114921314,4.815973995517089,severe
snowdonia,2027-07-26,9.206209227251616,80.31030432965859,0,13.416644344177548,7.984190969253527,severe
snowdonia,2027-08-02,9.095369593233825,53.984708303065304,0,11.478381445987985,7.348603779852542,moderate
snowdonia,2027-08-09,6.690778278979904,57.03855190904492,0,24.365285745749304,7.113975693517065,moderate
snowdonia,2027-08-16,7.841174870612089,68.84909209939423,0,26.955732371433328,7.180702143263996,moderate
snowdonia,2027-08-23,8.369416153017832,21.58168148209637,0,34.77035127226458,7.998873805754083,moderate
snowdonia,2027-08-30,8.158774106390247,79.21468615188928,0,10.471844699517519,4.052332260282073,moderate
snowdonia,2027-09-06,9.095215381294079,59.857662897429684,0,31.701769431919324,7.075745849655108,moderate
snowdonia,2027-09-13,10.657414696959725,78.6527768598224,0,34.83982293951527,7.4783430831908335,moderate
snowdonia,2027-09-20,-0.43075755045761177,75.38472416074256,1,42.21728666217593,9.28911682396796,moderate
snowdonia,2027-09-27,4.481430290529974,73.47588787335516,0,38.60529707961445,11.117632495598171,moderate
snowdonia,2027-10-04,4.495560303088169,55.470908309117235,0,37.47272051143455,8.114820142876315,moderate
snowdonia,2027-10-11,3.530689591794901,68.29232570053406,0,35.78661633815167,8.175925792662005,moderate
snowdonia,2027-10-18,8.878339708719777,54.825881966285394,0,44.782789357160596,6.198615632574647,moderate
snowdonia,2027-10-25,5.6507169489448845,60.219710270550515,0,38.789540277008925,5.0052536598109265,moderate
snowdonia,2027-11-01,2.758813000938243,19.245429845305644,0,30.326952252532706,5.763388365586913,moderate
snowdonia,2027-11-08,6.461799559928333,73.22756379783416,0,23.584572792171535,8.46256404548673,moderate
snowdonia,2027-11-15,6.802648368993112,73.44228630192873,0,34.75128067348009,6.61613260765078,moderate
snowdonia,2027-11-22,7.32539298639819,80.8748679544099,0,33.93376870254097,5.2060758844977375,severe
snowdonia,2027-11-29,10.62247224468553,38.30778755127524,0,44.12513069961006,10.04819767968205,moderate
snowdonia,2027-12-06,3.1595419036736034,43.14465686872387,0,27.9096774397258,9.357047902800057,mild
snowdonia,2027-12-13,0.5168873221517534,44.71139741279788,0,38.719343665194515,6.876386912948821,moderate
snowdonia,2027-12-20,-0.4647709599627783,16.11269038551082,1,19.355272538738276,4.343209377116995,mild
snowdonia,2027-12-27,4.919315156062119,76.17829084165541,0,44.253289434703056,4.747831022746967,moderate
snowdonia,2028-01-03,4.8994186862248,68.44212699847112,0,25.43190019261336,8.202894861300098,moderate
snowdonia,2028-01-10,-6.031572203218682,45.33472335953283,1,19.364402705652825,8.39927003582303,mild
snowdonia,2028-01-17,-4.244811688755521,50.85716448955192,1,40.2451267542669,6.4336402765696645,moderate
snowdonia,2028-01-24,-2.547690325641738,0.0,0,27.33586465924823,6.83681213143679,mild
snowdonia,2028-01-31,-4.204077649392219,49.06037512624343,1,25.50029618135351,5.848528082709535,mild
snowdonia,2028-02-07,-0.2182896225617883,61.42609077859231,1,36.02936943755222,7.73994787700302,moderate
snowdonia,2028-02-14,4.47642007385941,16.78176087226522,0,30.323701007270305,8.29464466097294,moderate
snowdonia,2028-02-21,0.12065396600509248,48.70916671914836,0,22.19566545355549,9.019641415552236,mild
snowdonia,2028-02-28,4.207435086125168,0.0,0,41.90305703510118,1.9047348692944919,severe
snowdonia,2028-03-06,-0.46419610222450114,60.5069606851551,1,26.827132747475595,5.067628035060916,moderate
snowdonia,2028-03-13,-2.3749482468666825,60.53811492641239,1,10.784954694513619,10.257982201924035,moderate
snowdonia,2028-03-20,1.7795916038308426,16.15209339115133,0,24.168849276973088,5.965551317796717,mild
snowdonia,2028-03-27,5.464900803434114,54.648556195256766,0,12.808388661239533,7.192815762961332,moderate
snowdonia,2028-04-03,4.547257350622892,85.8701993691874,0,16.49900881873579,11.208458209370027,severe
snowdonia,2028-04-10,7.8668210419322495,36.76131187239825,0,23.227258159907223,6.396762318463098,mild
snowdonia,2028-04-17,2.901526391937976,61.89653719460751,0,17.720844493081565,3.6392675825236225,moderate
snowdonia,2028-04-24,6.481294116607308,23.942876071642345,0,22.478391319324796,6.181794222793288,mild
snowdonia,2028-05-01,4.515135711896743,100.01926203180307,0,30.564115671695706,8.490742017990664,severe
snowdonia,2028-05-08,0.8944068146308215,46.92073732726156,0,32.15302629941512,5.950942174173987,moderate
snowdonia,2028-05-15,11.632251374071942,35.94606828197939,0,27.136338641348242,6.827896720048883,mild
snowdonia,2028-05-22,8.657282637527665,47.19019856289148,0,27.291063729290627,7.527739816444029,mild
snowdonia,2028-05-29,5.0624489704347955,69.70187736994225,0,32.38388374837425,7.822772109493665,moderate
snowdonia,2028-06-05,6.278166666152168,75.93088061039994,0,27.641657561858185,7.386605424348126,moderate
snowdonia,2028-06-12,8.418760119552504,93.931733659417,0,16.59643791978796,9.53971378611071,severe
snowdonia,2028-06-19,0.4273153550475799,64.34546316457248,0,45.750828276087304,8.977337048934615,severe
snowdonia,2028-06-26,8.68250031415917,48.79101062393849,0,30.310472004885543,7.495874369193287,moderate
snowdonia,2028-07-03,4.856093568274579,54.2024876905026,0,31.983811606264396,6.465565862938719,moderate
snowdonia,2028-07-10,4.774872717261264,32.79513124815651,0,33.90725026088896,9.09064652393412,moderate
snowdonia,2028-07-17,8.92664177694607,79.30340985457332,0,30.878676370807277,8.784021874731513,moderate
snowdonia,2028-07-24,9.21534970255025,58.16919961163584,0,24.691781718703528,12.428305231583822,moderate
snowdonia,2028-07-31,6.1921960805859655,46.68244577759127,0,34.34009823450107,8.50370883059001,moderate
snowdonia,2028-08-07,2.3808338095586903,82.45356509127477,0,29.05805424649167,5.778137809568559,severe
snowdonia,2028-08-14,12.755136457415496,72.51351143192308,0,17.354580080520858,11.554365680515449,moderate
snowdonia,2028-08-21,10.63518947346477,59.79607768749908,0,45.902188056217796,8.318595567659282,severe
snowdonia,2028-08-28,7.887667699583872,46.79399767956022,0,35.81850439307078,8.95320593464796,moderate
snowdonia,2028-09-04,8.058720559558845,44.20027292264794,0,31.29929854166074,7.860402428475724,moderate
snowdonia,2028-09-11,2.6661027250631957,30.563752973516287,0,35.651533788097694,2.796223369896622,severe
snowdonia,2028-09-18,8.82164210784504,50.43833884492351,0,43.0824660687991,7.013063581692249,moderate
snowdonia,2028-09-25,10.637936857007585,52.06172317524417,0,31.137481534861436,9.473673061840103,moderate
snowdonia,2028-10-02,6.149777134701679,79.93109768996808,0,20.06302122893517,8.589185685116759,moderate
snowdonia,2028-10-09,11.690558891151412,73.2007498358067,0,49.1644487673541,6.473121365378679,severe
snowdonia,2028-10-16,2.4834029946056484,40.11329783009761,0,36.60442566548437,8.995845868538757,moderate
snowdonia,2028-10-23,8.409026638589664,37.5408590178574,0,37.66867293329061,5.550590444698919,moderate
snowdonia,2028-10-30,12.6357983295076,117.1487684627973,0,33.664511465715506,9.166216271315486,severe
snowdonia,2028-11-06,6.0285609244177625,23.795733578263672,0,23.97280636969778,5.814209517802501,mild
snowdonia,2028-11-13,2.2119816943399373,94.44719883991299,0,32.72862518025773,8.759375161227968,severe
snowdonia,2028-11-20,6.763910539215002,56.542578351131276,0,39.64550682239333,7.935325762609569,moderate
snowdonia,2028-11-27,10.122775752098931,56.079914043099684,0,26.57847109267953,5.186171668796276,moderate
snowdonia,2028-12-04,-5.910996249468512,34.76876197867196,1,30.564966919932328,5.427739926582419,moderate
snowdonia,2028-12-11,1.8621005398614685,41.07505125981004,0,8.43991993940621,6.169750681040997,mild
snowdonia,2028-12-18,3.629055574941874,47.74117458791488,0,18.463250836002395,8.31689610099947,mild
snowdonia,2028-12-25,6.0896289014418885,55.54145917981796,0,29.047142129860653,7.064047373351415,moderate
highlands,2024-01-01,-0.5173779373380176,49.356395658193144,1,31.95103973142888,9.258808012204401,moderate
highlands,2024-01-08,2.527495252484608,56.37527900694884,0,30.945925329577,9.569377432263373,moderate
highlands,2024-01-15,5.483291081466556,23.90946739550373,0,11.91855953129254,11.086985712029106,mild
highlands,2024-01-22,3.0266349228490466,5.71028209007757,0,22.86180502781289,9.543748584739657,mild
highlands,2024-01-29,0.881292675468428,29.75877161361746,0,44.00881860312967,5.905425707232379,moderate
highlands,2024-02-05,-1.1926134310193355,44.22772950096535,1,33.90454932053882,8.992686068681463,moderate
highlands,2024-02-12,5.644952178275787,43.97157241363034,0,34.89383938938409,7.481581481369833,moderate
highlands,2024-02-19,2.250793212946857,42.150683601072686,0,32.150981358190364,9.545079615165522,moderate
highlands,2024-02-26,4.220582727779324,40.88434005800366,0,21.9087401505896,8.13534251612542,mild
highlands,2024-03-04,1.8879288604170243,43.863631596263964,0,52.06525307140402,6.95245444291753,severe
highlands,2024-03-11,3.689156076501438,61.369241344885964,0,30.98001914099383,12.67569023834433,moderate
highlands,2024-03-18,0.48784283307409315,46.481784446400944,0,22.01194255107018,7.296950529713413,mild
highlands,2024-03-25,2.9957356415866316,56.926081246154595,0,33.19094834023574,10.518229698669472,moderate
highlands,2024-04-01,7.620138757629313,53.35662940321989,0,57.039851072793866,8.788475298884062,severe
highlands,2024-04-08,5.122073816085809,46.11472475503862,0,20.573200854686597,9.873138711713576,mild
highlands,2024-04-15,6.542490828427033,62.547249513129714,0,29.364913255617314,9.46298481588187,moderate
highlands,2024-04-22,4.613023628463919,38.48855427713969,0,32.24297307181594,9.201918569399794,moderate
highlands,2024-04-29,9.330129252390563,43.81092541805344,0,36.77484842091394,6.5122781458087315,moderate
highlands,2024-05-06,5.913845420854466,41.12092950555996,0,43.01158348652031,9.266843082054699,moderate
highlands,2024-05-13,10.419973502715493,84.94422842284901,0,58.126492482387235,4.581547792179689,severe
highlands,2024-05-20,5.0464936764915675,47.67649831650952,0,21.49180377617307,5.844833504792575,mild
highlands,2024-05-27,6.8013877437785375,35.6679256942119,0,33.35042367537413,8.103396642857229,moderate
highlands,2024-06-03,9.924114659054622,70.15456903276505,0,36.03006853426677,7.253182126352235,moderate
highlands,2024-06-10,16.484573610534667,64.68862232964196,0,11.375152473752049,5.995248508467565,moderate
highlands,2024-06-17,1.0379880438887374,60.34669258302615,0,28.781947759466664,7.063148604201085,moderate
highlands,2024-06-24,16.043704449602057,70.97965748153821,0,37.26098361446334,6.137853024115794,moderate
highlands,2024-07-01,4.0034204346759505,60.736109981939094,0,31.73007139652226,4.287376865771086,moderate
highlands,2024-07-08,7.278771908601864,60.2814416574701,0,27.84850834228871,6.373219175306647,moderate
highlands,2024-07-15,5.84185927231544,56.46281612854408,0,30.908000236100477,9.209583165101137,moderate
highlands,2024-07-22,12.323424819803485,54.11304552945501,0,25.43843803884642,8.875311347068612,moderate
highlands,2024-07-29,10.443379665643416,51.315991334822286,0,37.903934769661724,9.959170682311946,moderate
highlands,2024-08-05,13.166745862634691,95.56641813439646,0,21.335838613405613,8.027796418665023,severe
highlands,2024-08-12,8.045110786474641,58.03852862934985,0,23.507370803898638,5.0288759935378575,moderate
highlands,2024-08-19,8.370717784116016,44.63288680904175,0,30.85993480747625,6.411912916602294,moderate
highlands,2024-08-26,3.6013666166226344,64.68596720753796,0,31.50921526806496,9.158563942641866,moderate
highlands,2024-09-02,16.743455065670503,65.54579062421693,0,34.8508176706413,5.844877342265349,moderate
highlands,2024-09-09,2.852370237854502,91.65658893546667,0,20.765202200666963,5.912111857062715,severe
highlands,2024-09-16,7.843604315133788,58.196151732452236,0,20.974934935567084,7.3900535625738,moderate
highlands,2024-09-23,12.917502870600417,43.88012782336405,0,16.063275156338285,9.885187241799585,mild
highlands,2024-09-30,9.969187647752147,47.58962758702677,0,14.178329838730821,6.510753287122874,mild
highlands,2024-10-07,7.781182252602915,83.31344179767638,0,19.63418025130343,7.830960236977053,severe
highlands,2024-10-14,10.700578639579593,12.374653197561585,0,40.33786167938899,5.635098855587126,moderate
highlands,2024-10-21,9.327981973827738,64.93366299221488,0,40.84586391463845,9.10184876178708,moderate
highlands,2024-10-28,-1.5091619669199243,44.304415056880174,1,31.3820512935328,7.610040227760426,moderate
highlands,2024-11-04,9.910442919027082,75.7873311133941,0,36.084517364296794,7.57145011489107,moderate
highlands,2024-11-11,0.6146519555180783,50.890375022903655,0,34.16368148138955,5.819105494899045,moderate
highlands,2024-11-18,10.525098920486306,78.1678659453461,0,31.268669762958424,1.8724402673752083,severe
highlands,2024-11-25,2.8876465491527865,97.72378317112162,0,24.53462206971622,4.031713553742009,severe
highlands,2024-12-02,6.9409895532410895,40.26711183087346,0,41.049404889577254,8.55391735043873,moderate
highlands,2024-12-09,3.8342365448486753,47.26018495429033,0,36.97488311921,12.554860897112196,moderate
highlands,2024-12-16,5.884025343836752,8.3932136430893,0,34.46661515278903,10.282961536206436,moderate
highlands,2024-12-23,6.810803226144584,31.46790033881801,0,41.64944445188128,9.85548479910241,moderate
highlands,2024-12-30,12.29006974787892,24.99996527502977,0,24.92599423599575,7.387761903080092,mild
highlands,2025-01-06,0.039111399844898864,22.19958500472794,0,2.37324494326257,7.1306010525537316,mild
highlands,2025-01-13,3.4774322387996177,30.135563089881785,0,49.3538118352911,8.026751625431725,severe
highlands,2025-01-20,7.164116220736542,45.228408254599366,0,38.26407309893258,8.558483107867124,moderate
highlands,2025-01-27,7.475138527614251,41.11878700264801,0,34.96120708088786,8.732665867300087,moderate
highlands,2025-02-03,0.8468581674907247,48.09964637849353,0,52.34386246197682,7.459206115809116,severe
highlands,2025-02-10,3.677859571412993,65.15557901738886,0,41.4025328094428,8.023432835438731,moderate
highlands,2025-02-17,-7.533554811829447,50.33405637296933,1,7.805257413769475,10.939874461882463,moderate
highlands,2025-02-24,2.6778954847730425,59.99348039743978,0,20.978888618189487,4.894985053399891,moderate
highlands,2025-03-03,3.043017536564669,39.32793120087716,0,25.084591738428344,8.169322561465528,mild
highlands,2025-03-10,13.06974356812904,56.690510947381156,0,40.49498605863319,9.687873783106712,moderate
highlands,2025-03-17,7.9178485754087715,36.1985665419851,0,9.452386923247062,7.622827733987981,mild
highlands,2025-03-24,5.246942839986007,20.603992097698526,0,28.236340495106695,6.616460513995374,mild
highlands,2025-03-31,8.008117007372523,54.989140308131276,0,36.51540620643959,9.243202626241942,moderate
highlands,2025-04-07,7.851002989791493,63.95112565055007,0,18.148154194676824,3.627116042498865,moderate
highlands,2025-04-14,8.600324521380097,66.4798051254429,0,42.092645684253775,11.142671632164735,moderate
highlands,2025-04-21,14.279993939995787,40.03952813412245,0,26.47734965050231,8.96066859176276,mild
highlands,2025-04-28,18.12761871096871,89.60198407427832,0,41.1939716199838,7.224424088901419,severe
highlands,2025-05-05,4.467201475379502,75.77815766766479,0,18.9933873576564,7.523127298039395,moderate
highlands,2025-05-12,7.540888203992309,91.85824178245616,0,26.453026970403226,3.121500722854769,severe
highlands,2025-05-19,10.017778590649874,46.01956293792147,0,30.42631024437747,7.826590598315753,moderate
highlands,2025-05-26,6.905184016728927,75.80681163569407,0,14.671351216472928,6.96597155009128,moderate
highlands,2025-06-02,10.736151652469525,47.71830449311263,0,13.911932907300283,9.337110686513471,mild
highlands,2025-06-09,12.492378521766156,59.100095847139876,0,10.391544015304675,9.411939493397632,moderate
highlands,2025-06-16,1.360448474321248,66.17598553696331,0,21.125361752578403,5.680321428466069,moderate
highlands,2025-06-23,6.2323599316812395,56.334048871454804,0,23.557917496135516,9.177406556430302,moderate
highlands,2025-06-30,6.215722486164665,79.60381743343643,0,32.811731656434795,6.604885586807384,moderate
highlands,2025-07-07,4.536240464670856,27.050074019051223,0,32.90733177866822,7.290824905497284,moderate
highlands,2025-07-14,-1.4887821122540572,49.28570254461199,1,20.98965970745048,11.15135518434132,mild
highlands,2025-07-21,1.1888855524267612,31.172984005318924,0,41.099696431057,10.713526314927925,moderate
highlands,2025-07-28,5.020068245097434,47.358283543821784,0,36.16235396553313,3.3458004061093796,moderate
highlands,2025-08-04,0.5552252619777756,54.38533198298576,0,45.49890566129126,7.128539823666521,severe
highlands,2025-08-11,8.403747166940619,82.67578545128023,0,51.06884733278146,6.846303053703375,severe
highlands,2025-08-18,7.932653105066295,96.44110442685685,0,14.778007248085716,10.055162141107644,severe
highlands,2025-08-25,3.926737870554967,62.04944734206313,0,27.57380952599726,6.083976798597542,moderate
highlands,2025-09-01,4.0675922893669,65.5282872850751,0,39.95539328162682,7.740527593622994,moderate
highlands,2025-09-08,8.280452634932866,71.42348132582094,0,20.283812269870403,9.479385016825846,moderate
highlands,2025-09-15,11.277372388238987,112.0725259750082,0,26.238958094404175,7.083836396663745,severe
highlands,2025-09-22,11.075863486294981,76.38208337824277,0,24.64912846623288,7.193674646139902,moderate
highlands,2025-09-29,10.164523352872163,43.44831518530677,0,25.894660119849853,8.179185534736868,mild
highlands,2025-10-06,11.983754739289033,47.90802767640918,0,11.57615537969328,4.166805064963578,mild
highlands,2025-10-13,2.9623477331754664,33.736645636001256,0,28.453892413800908,5.62223969280479,mild
highlands,2025-10-20,5.188980160715184,44.518282300359004,0,25.594921391520067,10.645008663046244,mild
highlands,2025-10-27,10.647790357722066,60.32258830552008,0,25.389737194191618,7.133534686753958,moderate
highlands,2025-11-03,9.310985879807799,71.6833814670458,0,20.923824938993995,8.072961511228463,moderate
highlands,2025-11-10,-0.1264782746521078,64.23427568341194,1,37.62149241958686,7.43986274623825,moderate
highlands,2025-11-17,15.26610798456042,42.37523105127899,0,32.17440415303261,7.928350506668089,moderate
highlands,2025-11-24,7.598809330226366,57.71355663990505,0,31.07105030009472,9.6959174869274,moderate
highlands,2025-12-01,7.510944945098977,39.95499510991685,0,38.15316072171633,6.596466107466435,moderate
highlands,2025-12-08,5.0638218109049316,24.760169523460192,0,40.90659936088132,12.42128175478648,moderate
highlands,2025-12-15,1.5116644481144328,0.0,0,24.51927066755177,10.463750268578607,mild
highlands,2025-12-22,4.2123071481009795,44.97827197350059,0,40.08668355954839,8.968906878496844,moderate
highlands,2025-12-29,6.870900749804545,58.38847353293971,0,45.21700452736959,8.717592167812509,severe
highlands,2026-01-05,5.621037605975818,33.85745853828429,0,23.985391884409943,11.413535280837946,mild
highlands,2026-01-12,2.864818705290752,56.09761131724758,0,31.237400144113902,6.826968698160071,moderate
highlands,2026-01-19,2.0439315703296055,68.71988035535429,0,35.55240074279424,4.577053680539082,moderate
highlands,2026-01-26,1.1390221736953812,75.64587585409424,0,27.86203138150044,4.399042616531639,moderate
highlands,2026-02-02,9.572195541690174,53.64785019625585,0,29.299871411871997,7.2571645278358625,moderate
highlands,2026-02-09,6.329407719166942,29.16033199547615,0,41.482564245159885,9.084390571448512,moderate
highlands,2026-02-16,2.9787277019493996,42.910296106711904,0,28.25031963285822,10.09128024041853,mild
highlands,2026-02-23,-1.4613713284073366,7.561497463395817,0,36.14440122892475,9.262476656134295,moderate
highlands,2026-03-02,3.9209646100470668,48.154567392360775,0,26.794596216624523,9.57496540877105,mild
highlands,2026-03-09,1.8177674929818366,30.257728783696436,0,26.881086877446002,12.041279397551664,mild
highlands,2026-03-16,-4.939904328181731,49.99576208591598,1,13.20889572376283,7.783533323354053,mild
highlands,2026-03-23,0.2654900593832492,0.0,0,33.89037590433763,7.239923875615609,moderate
highlands,2026-03-30,-6.396825370244976,56.79136181548505,1,44.35006177988935,10.980248684593144,moderate
highlands,2026-04-06,9.435825762605884,60.92116277154231,0,43.28156620895797,11.364767170680196,moderate
highlands,2026-04-13,12.534274811502499,41.169247955403975,0,32.01344853214922,8.879032288582858,moderate
highlands,2026-04-20,0.7615321243310831,69.38721319241549,0,52.72991825979389,9.279872331601583,severe
highlands,2026-04-27,13.893652325767025,63.6582946025741,0,29.267816760161786,8.76254278016195,moderate
highlands,2026-05-04,4.736693408062269,40.72449625531223,0,42.66304557169366,10.744684685733036,moderate
highlands,2026-05-11,4.035574737650599,79.35997609107729,0,29.13040024393979,8.679617148980862,moderate
highlands,2026-05-18,9.840874557740253,79.88700936248637,0,30.827182018631888,10.820323990603871,moderate
highlands,2026-05-25,9.237651359039699,72.48368544939065,0,21.667374084627536,12.317318021409669,moderate
highlands,2026-06-01,9.879299692819865,74.25994850690199,0,13.918141887884584,6.354595953841798,moderate
highlands,2026-06-08,12.951534751674922,65.7378223658521,0,10.862202651710739,10.076579857967637,moderate
highlands,2026-06-15,5.824868782589107,88.22633971753424,0,29.121643213963004,8.40941337204106,severe
highlands,2026-06-22,12.715818314366594,42.05014058290675,0,20.071531921660604,7.607003159203785,mild
highlands,2026-06-29,11.308691198484889,33.38245494773019,0,13.319654001109033,9.647441854087585,mild
highlands,2026-07-06,5.5880867497319855,52.15547974159434,0,11.431895980598341,6.642041371296036,moderate
highlands,2026-07-13,7.9697308134753975,78.60755715245784,0,22.287698337653612,11.314752240464994,moderate
highlands,2026-07-20,5.261775903280798,46.338163968296506,0,45.37357551897802,8.422920304727834,severe
highlands,2026-07-27,5.791901083953693,56.89733737638813,0,43.530735775420595,10.932405639251364,moderate
highlands,2026-08-03,4.732827282918976,59.151323798417835,0,30.901568276675732,6.027519778966805,moderate
highlands,2026-08-10,7.777259789400023,60.10645720903401,0,41.402094789367354,10.414850056622402,moderate
highlands,2026-08-17,6.683162406563968,55.720937122783766,0,36.64292302055635,6.829623102145977,moderate
highlands,2026-08-24,10.354560606949612,58.241870252615705,0,20.306014222613793,6.086326574240707,moderate
highlands,2026-08-31,13.788234784124409,56.87157041713403,0,46.40354093898311,6.97272747857018,severe
highlands,2026-09-07,9.164820804525974,107.85353446036483,0,19.426132553367207,4.204371000200447,severe
highlands,2026-09-14,13.146360525148932,43.46381789213853,0,29.792936358937663,6.82816357909683,mild
highlands,2026-09-21,9.072651123821265,40.98927585628516,0,28.20059912116694,8.899630653113068,mild
highlands,2026-09-28,3.966764454902952,45.99831940708222,0,26.526171664014683,5.142369131547444,mild
highlands,2026-10-05,6.309756068805014,62.375930798058036,0,26.004510584115714,7.457247014136551,moderate
highlands,2026-10-12,7.920393316373659,46.88513075135372,0,36.91062565866877,10.871956249603551,moderate
highlands,2026-10-19,6.142478431218207,69.70396462955414,0,27.60382844565353,8.730974690077009,moderate
highlands,2026-10-26,14.263118124813017,70.17319086036197,0,12.265854611903194,8.907991262893917,moderate
highlands,2026-11-02,12.931454973236036,55.56807660003795,0,39.956348061178325,6.619768917696108,moderate
highlands,2026-11-09,2.057843361910905,62.82338037665281,0,12.435232792536858,7.520457974212817,moderate
highlands,2026-11-16,13.14736905058201,21.804741885074385,0,17.20503204086102,5.935935509676845,mild
highlands,2026-11-23,7.7467205611561605,52.68566428707582,0,43.99136381696087,9.908696658183395,moderate
highlands,2026-11-30,9.981091784274392,62.9126062868777,0,33.932297769848276,6.27603528937325,moderate
highlands,2026-12-07,5.428841414226449,17.759114912815978,0,38.35376993902231,10.372285004237662,moderate
highlands,2026-12-14,2.843458408352349,36.47573882076048,0,34.003099083096735,2.276963259798654,severe
highlands,2026-12-21,3.2090328739418448,37.73292004320386,0,29.49371886943009,9.413065025795655,mild
highlands,2026-12-28,1.7009243137410888,17.19586286697684,0,28.58597329174622,8.13511096816165,mild
highlands,2027-01-04,2.459735646324051,43.23838734570136,0,40.393690449185534,5.827930893931705,moderate
highlands,2027-01-11,2.7028018246593994,65.79859397236481,0,12.653885030628047,8.359293361560107,moderate
highlands,2027-01-18,-0.3415140078921737,32.5857923105379,1,20.95192496785578,7.660898568599112,mild
highlands,2027-01-25,9.365022457707617,14.711392776455728,0,18.303899975211728,5.396130859672991,mild
highlands,2027-02-01,8.909673146512404,30.75320588957426,0,29.743609396523258,7.19443411778752,mild
highlands,2027-02-08,-1.7776915136123659,35.29698706771129,1,54.5824360573656,10.78414184194851,severe
highlands,2027-02-15,-1.4117512711690892,52.95148206123372,1,21.684772273336236,4.447264722307558,moderate
highlands,2027-02-22,6.078043670658518,63.20185693287101,0,40.460522510478995,7.060269501560855,moderate
highlands,2027-03-01,1.3328970639920552,54.99531107316247,0,33.91496037348107,7.212725057405912,moderate
highlands,2027-03-08,-4.476287280472659,42.27750388284024,1,40.790096392361136,5.604823421931686,moderate
highlands,2027-03-15,4.555037526703908,46.63083390267386,0,37.50148263232334,9.743950999438015,moderate
highlands,2027-03-22,-0.7778609677014119,7.660811996701078,0,24.664804743171207,9.778254635054015,mild
highlands,2027-03-29,-0.16801561410388421,26.119133522847164,1,11.786496580753617,11.505295109101878,mild
highlands,2027-04-05,11.302854565701239,75.39791962549529,0,39.67725386779474,9.153416723086803,moderate
highlands,2027-04-12,7.022684579281884,56.724717917555964,0,25.72435635407875,13.269481508830001,moderate
highlands,2027-04-19,10.22364812519777,50.72399117297131,0,34.6549677416628,5.978262164287365,moderate
highlands,2027-04-26,14.018026874356908,46.7786180838572,0,35.01085432622466,10.131955259486269,moderate
highlands,2027-05-03,9.539074176819971,61.88939983639276,0,30.10802084856015,7.887117806225786,moderate
highlands,2027-05-10,5.693206044289991,51.010331404605914,0,44.79590373650935,7.782926734629687,moderate
highlands,2027-05-17,4.8568149224689074,49.67404806276983,0,41.00370680697223,9.351213266328957,moderate
highlands,2027-05-24,10.241316712929027,54.84957602180417,0,35.733624701729454,6.712877750098704,moderate
highlands,2027-05-31,6.961543874616902,79.3960897478349,0,38.74277678919064,6.036180308098394,moderate
highlands,2027-06-07,4.577894188365697,62.1740430562682,0,47.2613237466951,4.168869671062012,severe
highlands,2027-06-14,9.113331758282017,32.479133368537035,0,23.656690064744545,7.271143163871518,mild
highlands,2027-06-21,6.317966626252437,49.32408120681583,0,30.072070603763702,6.9294888667388435,moderate
highlands,2027-06-28,2.1501704605833893,75.59739225045553,0,37.5287216714888,9.686348620045338,moderate
highlands,2027-07-05,1.8370620149436725,65.97836305168302,0,36.75978855806923,5.93759586312083,moderate
highlands,2027-07-12,8.036692992728517,57.674667093792685,0,48.421506585682636,11.848992074025146,severe
highlands,2027-07-19,1.3425744266791968,109.8785401145598,0,20.84774278846676,9.961346588654852,severe
highlands,2027-07-26,11.881991923454922,40.08619546316386,0,34.93267793839099,7.784932511467872,moderate
highlands,2027-08-02,10.217320018529563,64.61344604761251,0,41.96339485370247,8.150799086292125,moderate
highlands,2027-08-09,7.328503722294755,81.9212846611436,0,35.80395964858603,9.463626788641776,severe
highlands,2027-08-16,5.341653310965613,39.09474437203052,0,24.322778567472984,6.758357228638823,mild
highlands,2027-08-23,11.144797074611658,79.51968100588104,0,28.448697104675997,10.861838037648704,moderate
highlands,2027-08-30,13.47387757506052,64.86797832801078,0,21.7810822845696,11.15075329887108,moderate
highlands,2027-09-06,7.755930595886367,62.52330392861949,0,26.603949743934315,6.220419347405604,moderate
highlands,2027-09-13,2.1254422787388325,72.65736647114576,0,22.165989461033796,14.119062457993646,moderate
highlands,2027-09-20,3.655705669550084,34.8523505003726,0,35.10138715613441,11.05862695793459,moderate
highlands,2027-09-27,8.258358627772887,71.44484840374548,0,11.564525825412904,6.644976908616466,moderate
highlands,2027-10-04,3.705537083449732,22.09908300104238,0,31.16980234023887,3.514344756779133,moderate
highlands,2027-10-11,2.711216135650205,49.25612411973164,0,21.687141640489237,8.792817004414136,mild
highlands,2027-10-18,9.22232076760992,77.87597491870913,0,37.523837327126785,10.281625578722762,moderate
highlands,2027-10-25,7.992326399963783,66.06933801633339,0,35.11513701919191,8.283313394782052,moderate
highlands,2027-11-01,6.411222760331705,53.351149313204594,0,21.824416016700347,8.84323365981966,moderate
highlands,2027-11-08,7.623939303659378,46.7365249872647,0,23.377551806754074,5.579202544434423,mild
highlands,2027-11-15,11.915365364948798,61.572353390635755,0,21.371999804267297,9.617095499204037,moderate
highlands,2027-11-22,5.758204760822508,31.869987459755347,0,40.21222289219133,6.925806020867774,moderate
highlands,2027-11-29,6.364403639164842,60.82360040698355,0,41.425892227901144,8.040074581732624,moderate
highlands,2027-12-06,-2.796468504580921,50.877540082243605,1,25.15010275738276,11.775847943058933,moderate
highlands,2027-12-13,1.9955211120084393,0.0,0,33.57364972155674,11.889195584520458,moderate
highlands,2027-12-20,8.303681154181557,76.61908577513131,0,19.802398146185364,9.824304791953558,moderate
highlands,2027-12-27,-0.8879781589468467,44.48578798833849,1,17.270475712602675,6.711088470234568,mild
highlands,2028-01-03,-0.7049867894544612,57.971105602852326,1,38.007191216696555,8.553639458661642,moderate
highlands,2028-01-10,-3.401685672221542,33.767211321005604,1,22.53883517057274,9.739351513388982,mild
highlands,2028-01-17,6.712739411268738,61.12771172061766,0,22.447805805829795,2.5209337554210416,severe
highlands,2028-01-24,-5.067847592520217,68.43253956164418,1,25.98745060680176,6.498550763469775,moderate
highlands,2028-01-31,8.570641173744935,65.30319890976654,0,30.244487219197868,7.4131938178720524,moderate
highlands,2028-02-07,1.471595148747499,44.54325596774932,0,46.00047281319608,8.844934848474454,severe
highlands,2028-02-14,4.904116132156565,63.38540218140343,0,18.30323998975581,9.509723784948086,moderate
highlands,2028-02-21,0.8217249813535545,0.0,0,8.71830458014188,5.963764776962629,mild
highlands,2028-02-28,4.124892914370326,42.27599130680593,0,31.84366707175664,11.901886965373384,moderate
highlands,2028-03-06,-3.0763584594392492,39.451332916325526,1,33.04435522813816,6.527453766923329,moderate
highlands,2028-03-13,2.113306980331764,8.001013318313102,0,44.09906217275028,6.636770894939133,moderate
highlands,2028-03-20,10.125600659114012,39.350513521650896,0,40.280535653991834,7.893394262017691,moderate
highlands,2028-03-27,1.8770246709578808,28.319413335559844,0,31.191239293662775,8.635997388828095,moderate
highlands,2028-04-03,4.86296596433928,57.499111682802315,0,23.899011339428863,12.599328139229677,moderate
highlands,2028-04-10,7.641076920353526,90.9046430339312,0,28.043776691923117,8.518575283069817,severe
highlands,2028-04-17,2.714543713418923,51.05854816264271,0,32.105346707892465,11.172007661919734,moderate
highlands,2028-04-24,8.887931110705084,87.67440722385999,0,36.407291102029205,11.254802678929371,severe
highlands,2028-05-01,7.763831130779779,107.80445421303608,0,25.14603797085877,6.467076331604662,severe
highlands,2028-05-08,3.1597886012438634,106.6204934311614,0,38.19447572617898,7.331758533239383,severe
highlands,2028-05-15,12.99609078749398,73.75384370235564,0,49.6612747137559,4.904334334520177,severe
highlands,2028-05-22,6.938559566742982,50.74957232114349,0,10.263173235913985,10.120654409559389,moderate
highlands,2028-05-29,6.918413776786567,74.79262409973124,0,53.59771934329612,7.293512616344783,severe
highlands,2028-06-05,6.315388069371379,62.37328339447992,0,39.872473529834096,6.8665739493797,moderate
highlands,2028-06-12,5.476153611471478,81.14378540482733,0,33.786393238380356,3.9105434739903586,severe
highlands,2028-06-19,3.0984328021235674,90.02471727654421,0,34.01928283078813,6.4756081379255015,severe
highlands,2028-06-26,7.318361371060071,60.264733456033404,0,37.35733360280164,5.283473210282422,moderate
highlands,2028-07-03,4.636203445318168,65.45911509726778,0,29.001654195045496,9.14371836527342,moderate
highlands,2028-07-10,3.081970410561609,67.14257352542643,0,40.91583619377472,8.973637094298567,moderate
highlands,2028-07-17,8.556446959046367,58.082327948680586,0,21.65148847228498,7.856002815120423,moderate
highlands,2028-07-24,13.038823411521623,57.619429867997496,0,21.101960106515897,7.015505822469227,moderate
highlands,2028-07-31,8.80340118910372,52.52972005638306,0,34.853032830631406,9.04568752149806,moderate
highlands,2028-08-07,11.555932721618593,88.47118944530067,0,39.958587243723606,6.131521871704081,severe
highlands,2028-08-14,4.385862213694911,58.48457047080351,0,25.488246427605855,5.7233465460781145,moderate
highlands,2028-08-21,6.233232823308023,50.509741327619224,0,23.28152260238794,7.368421027689989,moderate
highlands,2028-08-28,12.713803401273324,63.98476082498478,0,54.718090760554695,8.341016372039299,severe
highlands,2028-09-04,6.839736904250993,60.08265765309732,0,32.5649197844354,8.870507914342127,moderate
highlands,2028-09-11,16.306845303436095,43.09359070044863,0,38.59046058177736,8.415501195228249,moderate
highlands,2028-09-18,1.7156090297175295,75.41397564189526,0,42.67623560803905,6.285647192445141,moderate
highlands,2028-09-25,7.964264528432118,25.49291475984593,0,17.411935403156633,10.096059155234505,mild
highlands,2028-10-02,6.134333975970262,37.823940501239214,0,32.2946036445843,6.955175137137953,moderate
highlands,2028-10-09,6.116713368897855,74.78652051349806,0,18.382666410656533,6.189269574636335,moderate
highlands,2028-10-16,8.616319968595475,79.3881958149641,0,42.381603014898495,6.669876559276754,moderate
highlands,2028-10-23,11.749507867678592,44.317154130591824,0,48.262093469068,5.732457949160543,severe
highlands,2028-10-30,13.313915243166925,46.870277863625525,0,50.132464547946,9.18264145770497,severe
highlands,2028-11-06,3.935933882367112,49.555230409149864,0,37.811812052237414,10.105288835231123,moderate
highlands,2028-11-13,7.7171376331021495,60.893165619269325,0,37.58353032644065,8.26359685402164,moderate
highlands,2028-11-20,2.825980562646497,43.74051950719639,0,32.35119943151665,10.430964832995388,moderate
highlands,2028-11-27,14.46392969664819,75.59058841542901,0,32.87290761036364,9.497627771964954,moderate
highlands,2028-12-04,-0.6670034008274226,36.935380794835716,1,21.758692786605234,5.502514778584577,mild
highlands,2028-12-11,3.33419604654482,43.71026613169487,0,36.87652484509013,9.092223661784894,moderate
highlands,2028-12-18,2.970577085295448,51.13233331355109,0,29.573169037725233,8.825782790444801,moderate
highlands,2028-12-25,-0.9045776107454384,47.3941185127826,1,36.68417685286009,6.660637143855594,moderate
